,FileName,Label,ClassName
0,dataset-resized\cardboard\cardboard1.jpg,0,cardboard
1,dataset-resized\cardboard\cardboard10.jpg,0,cardboard
2,dataset-resized\cardboard\cardboard102.jpg,0,cardboard
3,dataset-resized\cardboard\cardboard103.jpg,0,cardboard
4,dataset-resized\cardboard\cardboard104.jpg,0,cardboard
5,dataset-resized\cardboard\cardboard106.jpg,0,cardboard
6,dataset-resized\cardboard\cardboard107.jpg,0,cardboard
7,dataset-resized\cardboard\cardboard108.jpg,0,cardboard
8,dataset-resized\cardboard\cardboard109.jpg,0,cardboard
9,dataset-resized\cardboard\cardboard11.jpg,0,cardboard
10,dataset-resized\cardboard\cardboard110.jpg,0,cardboard
11,dataset-resized\cardboard\cardboard111.jpg,0,cardboard
12,dataset-resized\cardboard\cardboard112.jpg,0,cardboard
13,dataset-resized\cardboard\cardboard113.jpg,0,cardboard
14,dataset-resized\cardboard\cardboard115.jpg,0,cardboard
15,dataset-resized\cardboard\cardboard116.jpg,0,cardboard
16,dataset-resized\cardboard\cardboard117.jpg,0,cardboard
17,dataset-resized\cardboard\cardboard119.jpg,0,cardboard
18,dataset-resized\cardboard\cardboard12.jpg,0,cardboard
19,dataset-resized\cardboard\cardboard120.jpg,0,cardboard
20,dataset-resized\cardboard\cardboard121.jpg,0,cardboard
21,dataset-resized\cardboard\cardboard122.jpg,0,cardboard
22,dataset-resized\cardboard\cardboard123.jpg,0,cardboard
23,dataset-resized\cardboard\cardboard124.jpg,0,cardboard
24,dataset-resized\cardboard\cardboard127.jpg,0,cardboard
25,dataset-resized\cardboard\cardboard128.jpg,0,cardboard
26,dataset-resized\cardboard\cardboard129.jpg,0,cardboard
27,dataset-resized\cardboard\cardboard13.jpg,0,cardboard
28,dataset-resized\cardboard\cardboard130.jpg,0,cardboard
29,dataset-resized\cardboard\cardboard132.jpg,0,cardboard
30,dataset-resized\cardboard\cardboard133.jpg,0,cardboard
31,dataset-resized\cardboard\cardboard135.jpg,0,cardboard
32,dataset-resized\cardboard\cardboard136.jpg,0,cardboard
33,dataset-resized\cardboard\cardboard138.jpg,0,cardboard
34,dataset-resized\cardboard\cardboard14.jpg,0,cardboard
35,dataset-resized\cardboard\cardboard140.jpg,0,cardboard
36,dataset-resized\cardboard\cardboard141.jpg,0,cardboard
37,dataset-resized\cardboard\cardboard142.jpg,0,cardboard
38,dataset-resized\cardboard\cardboard143.jpg,0,cardboard
39,dataset-resized\cardboard\cardboard144.jpg,0,cardboard
40,dataset-resized\cardboard\cardboard146.jpg,0,cardboard
41,dataset-resized\cardboard\cardboard147.jpg,0,cardboard
42,dataset-resized\cardboard\cardboard148.jpg,0,cardboard
43,dataset-resized\cardboard\cardboard149.jpg,0,cardboard
44,dataset-resized\cardboard\cardboard150.jpg,0,cardboard
45,dataset-resized\cardboard\cardboard152.jpg,0,cardboard
46,dataset-resized\cardboard\cardboard153.jpg,0,cardboard
47,dataset-resized\cardboard\cardboard155.jpg,0,cardboard
48,dataset-resized\cardboard\cardboard157.jpg,0,cardboard
49,dataset-resized\cardboard\cardboard158.jpg,0,cardboard
50,dataset-resized\cardboard\cardboard160.jpg,0,cardboard
51,dataset-resized\cardboard\cardboard161.jpg,0,cardboard
52,dataset-resized\cardboard\cardboard164.jpg,0,cardboard
53,dataset-resized\cardboard\cardboard165.jpg,0,cardboard
54,dataset-resized\cardboard\cardboard166.jpg,0,cardboard
55,dataset-resized\cardboard\cardboard167.jpg,0,cardboard
56,dataset-resized\cardboard\cardboard168.jpg,0,cardboard
57,dataset-resized\cardboard\cardboard170.jpg,0,cardboard
58,dataset-resized\cardboard\cardboard171.jpg,0,cardboard
59,dataset-resized\cardboard\cardboard172.jpg,0,cardboard
60,dataset-resized\cardboard\cardboard173.jpg,0,cardboard
61,dataset-resized\cardboard\cardboard174.jpg,0,cardboard
62,dataset-resized\cardboard\cardboard175.jpg,0,cardboard
63,dataset-resized\cardboard\cardboard176.jpg,0,cardboard
64,dataset-resized\cardboard\cardboard179.jpg,0,cardboard
65,dataset-resized\cardboard\cardboard18.jpg,0,cardboard
66,dataset-resized\cardboard\cardboard181.jpg,0,cardboard
67,dataset-resized\cardboard\cardboard183.jpg,0,cardboard
68,dataset-resized\cardboard\cardboard184.jpg,0,cardboard
69,dataset-resized\cardboard\cardboard185.jpg,0,cardboard
70,dataset-resized\cardboard\cardboard186.jpg,0,cardboard
71,dataset-resized\cardboard\cardboard187.jpg,0,cardboard
72,dataset-resized\cardboard\cardboard189.jpg,0,cardboard
73,dataset-resized\cardboard\cardboard191.jpg,0,cardboard
74,dataset-resized\cardboard\cardboard192.jpg,0,cardboard
75,dataset-resized\cardboard\cardboard194.jpg,0,cardboard
76,dataset-resized\cardboard\cardboard195.jpg,0,cardboard
77,dataset-resized\cardboard\cardboard196.jpg,0,cardboard
78,dataset-resized\cardboard\cardboard197.jpg,0,cardboard
79,dataset-resized\cardboard\cardboard199.jpg,0,cardboard
80,dataset-resized\cardboard\cardboard2.jpg,0,cardboard
81,dataset-resized\cardboard\cardboard20.jpg,0,cardboard
82,dataset-resized\cardboard\cardboard201.jpg,0,cardboard
83,dataset-resized\cardboard\cardboard202.jpg,0,cardboard
84,dataset-resized\cardboard\cardboard203.jpg,0,cardboard
85,dataset-resized\cardboard\cardboard204.jpg,0,cardboard
86,dataset-resized\cardboard\cardboard205.jpg,0,cardboard
87,dataset-resized\cardboard\cardboard207.jpg,0,cardboard
88,dataset-resized\cardboard\cardboard208.jpg,0,cardboard
89,dataset-resized\cardboard\cardboard209.jpg,0,cardboard
90,dataset-resized\cardboard\cardboard21.jpg,0,cardboard
91,dataset-resized\cardboard\cardboard211.jpg,0,cardboard
92,dataset-resized\cardboard\cardboard212.jpg,0,cardboard
93,dataset-resized\cardboard\cardboard214.jpg,0,cardboard
94,dataset-resized\cardboard\cardboard215.jpg,0,cardboard
95,dataset-resized\cardboard\cardboard216.jpg,0,cardboard
96,dataset-resized\cardboard\cardboard217.jpg,0,cardboard
97,dataset-resized\cardboard\cardboard218.jpg,0,cardboard
98,dataset-resized\cardboard\cardboard219.jpg,0,cardboard
99,dataset-resized\cardboard\cardboard22.jpg,0,cardboard
100,dataset-resized\cardboard\cardboard221.jpg,0,cardboard
101,dataset-resized\cardboard\cardboard223.jpg,0,cardboard
102,dataset-resized\cardboard\cardboard225.jpg,0,cardboard
103,dataset-resized\cardboard\cardboard229.jpg,0,cardboard
104,dataset-resized\cardboard\cardboard23.jpg,0,cardboard
105,dataset-resized\cardboard\cardboard230.jpg,0,cardboard
106,dataset-resized\cardboard\cardboard231.jpg,0,cardboard
107,dataset-resized\cardboard\cardboard232.jpg,0,cardboard
108,dataset-resized\cardboard\cardboard233.jpg,0,cardboard
109,dataset-resized\cardboard\cardboard235.jpg,0,cardboard
110,dataset-resized\cardboard\cardboard236.jpg,0,cardboard
111,dataset-resized\cardboard\cardboard237.jpg,0,cardboard
112,dataset-resized\cardboard\cardboard238.jpg,0,cardboard
113,dataset-resized\cardboard\cardboard239.jpg,0,cardboard
114,dataset-resized\cardboard\cardboard24.jpg,0,cardboard
115,dataset-resized\cardboard\cardboard240.jpg,0,cardboard
116,dataset-resized\cardboard\cardboard241.jpg,0,cardboard
117,dataset-resized\cardboard\cardboard246.jpg,0,cardboard
118,dataset-resized\cardboard\cardboard247.jpg,0,cardboard
119,dataset-resized\cardboard\cardboard248.jpg,0,cardboard
120,dataset-resized\cardboard\cardboard249.jpg,0,cardboard
121,dataset-resized\cardboard\cardboard251.jpg,0,cardboard
122,dataset-resized\cardboard\cardboard252.jpg,0,cardboard
123,dataset-resized\cardboard\cardboard253.jpg,0,cardboard
124,dataset-resized\cardboard\cardboard254.jpg,0,cardboard
125,dataset-resized\cardboard\cardboard256.jpg,0,cardboard
126,dataset-resized\cardboard\cardboard257.jpg,0,cardboard
127,dataset-resized\cardboard\cardboard26.jpg,0,cardboard
128,dataset-resized\cardboard\cardboard260.jpg,0,cardboard
129,dataset-resized\cardboard\cardboard261.jpg,0,cardboard
130,dataset-resized\cardboard\cardboard262.jpg,0,cardboard
131,dataset-resized\cardboard\cardboard264.jpg,0,cardboard
132,dataset-resized\cardboard\cardboard265.jpg,0,cardboard
133,dataset-resized\cardboard\cardboard267.jpg,0,cardboard
134,dataset-resized\cardboard\cardboard268.jpg,0,cardboard
135,dataset-resized\cardboard\cardboard269.jpg,0,cardboard
136,dataset-resized\cardboard\cardboard27.jpg,0,cardboard
137,dataset-resized\cardboard\cardboard270.jpg,0,cardboard
138,dataset-resized\cardboard\cardboard271.jpg,0,cardboard
139,dataset-resized\cardboard\cardboard272.jpg,0,cardboard
140,dataset-resized\cardboard\cardboard274.jpg,0,cardboard
141,dataset-resized\cardboard\cardboard275.jpg,0,cardboard
142,dataset-resized\cardboard\cardboard276.jpg,0,cardboard
143,dataset-resized\cardboard\cardboard277.jpg,0,cardboard
144,dataset-resized\cardboard\cardboard278.jpg,0,cardboard
145,dataset-resized\cardboard\cardboard279.jpg,0,cardboard
146,dataset-resized\cardboard\cardboard28.jpg,0,cardboard
147,dataset-resized\cardboard\cardboard280.jpg,0,cardboard
148,dataset-resized\cardboard\cardboard281.jpg,0,cardboard
149,dataset-resized\cardboard\cardboard283.jpg,0,cardboard
150,dataset-resized\cardboard\cardboard284.jpg,0,cardboard
151,dataset-resized\cardboard\cardboard285.jpg,0,cardboard
152,dataset-resized\cardboard\cardboard287.jpg,0,cardboard
153,dataset-resized\cardboard\cardboard288.jpg,0,cardboard
154,dataset-resized\cardboard\cardboard289.jpg,0,cardboard
155,dataset-resized\cardboard\cardboard290.jpg,0,cardboard
156,dataset-resized\cardboard\cardboard291.jpg,0,cardboard
157,dataset-resized\cardboard\cardboard292.jpg,0,cardboard
158,dataset-resized\cardboard\cardboard293.jpg,0,cardboard
159,dataset-resized\cardboard\cardboard295.jpg,0,cardboard
160,dataset-resized\cardboard\cardboard297.jpg,0,cardboard
161,dataset-resized\cardboard\cardboard298.jpg,0,cardboard
162,dataset-resized\cardboard\cardboard30.jpg,0,cardboard
163,dataset-resized\cardboard\cardboard301.jpg,0,cardboard
164,dataset-resized\cardboard\cardboard303.jpg,0,cardboard
165,dataset-resized\cardboard\cardboard304.jpg,0,cardboard
166,dataset-resized\cardboard\cardboard306.jpg,0,cardboard
167,dataset-resized\cardboard\cardboard307.jpg,0,cardboard
168,dataset-resized\cardboard\cardboard309.jpg,0,cardboard
169,dataset-resized\cardboard\cardboard31.jpg,0,cardboard
170,dataset-resized\cardboard\cardboard310.jpg,0,cardboard
171,dataset-resized\cardboard\cardboard311.jpg,0,cardboard
172,dataset-resized\cardboard\cardboard312.jpg,0,cardboard
173,dataset-resized\cardboard\cardboard313.jpg,0,cardboard
174,dataset-resized\cardboard\cardboard314.jpg,0,cardboard
175,dataset-resized\cardboard\cardboard315.jpg,0,cardboard
176,dataset-resized\cardboard\cardboard316.jpg,0,cardboard
177,dataset-resized\cardboard\cardboard317.jpg,0,cardboard
178,dataset-resized\cardboard\cardboard318.jpg,0,cardboard
179,dataset-resized\cardboard\cardboard319.jpg,0,cardboard
180,dataset-resized\cardboard\cardboard32.jpg,0,cardboard
181,dataset-resized\cardboard\cardboard320.jpg,0,cardboard
182,dataset-resized\cardboard\cardboard321.jpg,0,cardboard
183,dataset-resized\cardboard\cardboard323.jpg,0,cardboard
184,dataset-resized\cardboard\cardboard324.jpg,0,cardboard
185,dataset-resized\cardboard\cardboard325.jpg,0,cardboard
186,dataset-resized\cardboard\cardboard326.jpg,0,cardboard
187,dataset-resized\cardboard\cardboard327.jpg,0,cardboard
188,dataset-resized\cardboard\cardboard328.jpg,0,cardboard
189,dataset-resized\cardboard\cardboard329.jpg,0,cardboard
190,dataset-resized\cardboard\cardboard330.jpg,0,cardboard
191,dataset-resized\cardboard\cardboard331.jpg,0,cardboard
192,dataset-resized\cardboard\cardboard332.jpg,0,cardboard
193,dataset-resized\cardboard\cardboard333.jpg,0,cardboard
194,dataset-resized\cardboard\cardboard335.jpg,0,cardboard
195,dataset-resized\cardboard\cardboard336.jpg,0,cardboard
196,dataset-resized\cardboard\cardboard337.jpg,0,cardboard
197,dataset-resized\cardboard\cardboard338.jpg,0,cardboard
198,dataset-resized\cardboard\cardboard34.jpg,0,cardboard
199,dataset-resized\cardboard\cardboard340.jpg,0,cardboard
200,dataset-resized\cardboard\cardboard341.jpg,0,cardboard
201,dataset-resized\cardboard\cardboard342.jpg,0,cardboard
202,dataset-resized\cardboard\cardboard343.jpg,0,cardboard
203,dataset-resized\cardboard\cardboard344.jpg,0,cardboard
204,dataset-resized\cardboard\cardboard345.jpg,0,cardboard
205,dataset-resized\cardboard\cardboard348.jpg,0,cardboard
206,dataset-resized\cardboard\cardboard349.jpg,0,cardboard
207,dataset-resized\cardboard\cardboard35.jpg,0,cardboard
208,dataset-resized\cardboard\cardboard350.jpg,0,cardboard
209,dataset-resized\cardboard\cardboard351.jpg,0,cardboard
210,dataset-resized\cardboard\cardboard352.jpg,0,cardboard
211,dataset-resized\cardboard\cardboard353.jpg,0,cardboard
212,dataset-resized\cardboard\cardboard354.jpg,0,cardboard
213,dataset-resized\cardboard\cardboard355.jpg,0,cardboard
214,dataset-resized\cardboard\cardboard356.jpg,0,cardboard
215,dataset-resized\cardboard\cardboard358.jpg,0,cardboard
216,dataset-resized\cardboard\cardboard359.jpg,0,cardboard
217,dataset-resized\cardboard\cardboard36.jpg,0,cardboard
218,dataset-resized\cardboard\cardboard361.jpg,0,cardboard
219,dataset-resized\cardboard\cardboard362.jpg,0,cardboard
220,dataset-resized\cardboard\cardboard364.jpg,0,cardboard
221,dataset-resized\cardboard\cardboard366.jpg,0,cardboard
222,dataset-resized\cardboard\cardboard369.jpg,0,cardboard
223,dataset-resized\cardboard\cardboard37.jpg,0,cardboard
224,dataset-resized\cardboard\cardboard370.jpg,0,cardboard
225,dataset-resized\cardboard\cardboard371.jpg,0,cardboard
226,dataset-resized\cardboard\cardboard372.jpg,0,cardboard
227,dataset-resized\cardboard\cardboard373.jpg,0,cardboard
228,dataset-resized\cardboard\cardboard374.jpg,0,cardboard
229,dataset-resized\cardboard\cardboard375.jpg,0,cardboard
230,dataset-resized\cardboard\cardboard376.jpg,0,cardboard
231,dataset-resized\cardboard\cardboard377.jpg,0,cardboard
232,dataset-resized\cardboard\cardboard379.jpg,0,cardboard
233,dataset-resized\cardboard\cardboard381.jpg,0,cardboard
234,dataset-resized\cardboard\cardboard383.jpg,0,cardboard
235,dataset-resized\cardboard\cardboard387.jpg,0,cardboard
236,dataset-resized\cardboard\cardboard39.jpg,0,cardboard
237,dataset-resized\cardboard\cardboard390.jpg,0,cardboard
238,dataset-resized\cardboard\cardboard391.jpg,0,cardboard
239,dataset-resized\cardboard\cardboard392.jpg,0,cardboard
240,dataset-resized\cardboard\cardboard393.jpg,0,cardboard
241,dataset-resized\cardboard\cardboard394.jpg,0,cardboard
242,dataset-resized\cardboard\cardboard395.jpg,0,cardboard
243,dataset-resized\cardboard\cardboard396.jpg,0,cardboard
244,dataset-resized\cardboard\cardboard397.jpg,0,cardboard
245,dataset-resized\cardboard\cardboard398.jpg,0,cardboard
246,dataset-resized\cardboard\cardboard399.jpg,0,cardboard
247,dataset-resized\cardboard\cardboard4.jpg,0,cardboard
248,dataset-resized\cardboard\cardboard400.jpg,0,cardboard
249,dataset-resized\cardboard\cardboard401.jpg,0,cardboard
250,dataset-resized\cardboard\cardboard403.jpg,0,cardboard
251,dataset-resized\cardboard\cardboard41.jpg,0,cardboard
252,dataset-resized\cardboard\cardboard42.jpg,0,cardboard
253,dataset-resized\cardboard\cardboard43.jpg,0,cardboard
254,dataset-resized\cardboard\cardboard44.jpg,0,cardboard
255,dataset-resized\cardboard\cardboard45.jpg,0,cardboard
256,dataset-resized\cardboard\cardboard46.jpg,0,cardboard
257,dataset-resized\cardboard\cardboard47.jpg,0,cardboard
258,dataset-resized\cardboard\cardboard49.jpg,0,cardboard
259,dataset-resized\cardboard\cardboard5.jpg,0,cardboard
260,dataset-resized\cardboard\cardboard51.jpg,0,cardboard
261,dataset-resized\cardboard\cardboard52.jpg,0,cardboard
262,dataset-resized\cardboard\cardboard53.jpg,0,cardboard
263,dataset-resized\cardboard\cardboard55.jpg,0,cardboard
264,dataset-resized\cardboard\cardboard56.jpg,0,cardboard
265,dataset-resized\cardboard\cardboard6.jpg,0,cardboard
266,dataset-resized\cardboard\cardboard60.jpg,0,cardboard
267,dataset-resized\cardboard\cardboard61.jpg,0,cardboard
268,dataset-resized\cardboard\cardboard62.jpg,0,cardboard
269,dataset-resized\cardboard\cardboard63.jpg,0,cardboard
270,dataset-resized\cardboard\cardboard64.jpg,0,cardboard
271,dataset-resized\cardboard\cardboard67.jpg,0,cardboard
272,dataset-resized\cardboard\cardboard68.jpg,0,cardboard
273,dataset-resized\cardboard\cardboard7.jpg,0,cardboard
274,dataset-resized\cardboard\cardboard71.jpg,0,cardboard
275,dataset-resized\cardboard\cardboard72.jpg,0,cardboard
276,dataset-resized\cardboard\cardboard74.jpg,0,cardboard
277,dataset-resized\cardboard\cardboard76.jpg,0,cardboard
278,dataset-resized\cardboard\cardboard77.jpg,0,cardboard
279,dataset-resized\cardboard\cardboard79.jpg,0,cardboard
280,dataset-resized\cardboard\cardboard8.jpg,0,cardboard
281,dataset-resized\cardboard\cardboard80.jpg,0,cardboard
282,dataset-resized\cardboard\cardboard82.jpg,0,cardboard
283,dataset-resized\cardboard\cardboard83.jpg,0,cardboard
284,dataset-resized\cardboard\cardboard84.jpg,0,cardboard
285,dataset-resized\cardboard\cardboard85.jpg,0,cardboard
286,dataset-resized\cardboard\cardboard87.jpg,0,cardboard
287,dataset-resized\cardboard\cardboard88.jpg,0,cardboard
288,dataset-resized\cardboard\cardboard9.jpg,0,cardboard
289,dataset-resized\cardboard\cardboard90.jpg,0,cardboard
290,dataset-resized\cardboard\cardboard91.jpg,0,cardboard
291,dataset-resized\cardboard\cardboard93.jpg,0,cardboard
292,dataset-resized\cardboard\cardboard94.jpg,0,cardboard
293,dataset-resized\cardboard\cardboard95.jpg,0,cardboard
294,dataset-resized\cardboard\cardboard96.jpg,0,cardboard
295,dataset-resized\cardboard\cardboard97.jpg,0,cardboard
296,dataset-resized\cardboard\cardboard98.jpg,0,cardboard
297,dataset-resized\cardboard\cardboard99.jpg,0,cardboard
298,dataset-resized\glass\glass1.jpg,1,glass
299,dataset-resized\glass\glass101.jpg,1,glass
300,dataset-resized\glass\glass104.jpg,1,glass
301,dataset-resized\glass\glass106.jpg,1,glass
302,dataset-resized\glass\glass107.jpg,1,glass
303,dataset-resized\glass\glass108.jpg,1,glass
304,dataset-resized\glass\glass11.jpg,1,glass
305,dataset-resized\glass\glass111.jpg,1,glass
306,dataset-resized\glass\glass112.jpg,1,glass
307,dataset-resized\glass\glass114.jpg,1,glass
308,dataset-resized\glass\glass115.jpg,1,glass
309,dataset-resized\glass\glass116.jpg,1,glass
310,dataset-resized\glass\glass117.jpg,1,glass
311,dataset-resized\glass\glass118.jpg,1,glass
312,dataset-resized\glass\glass12.jpg,1,glass
313,dataset-resized\glass\glass120.jpg,1,glass
314,dataset-resized\glass\glass122.jpg,1,glass
315,dataset-resized\glass\glass123.jpg,1,glass
316,dataset-resized\glass\glass124.jpg,1,glass
317,dataset-resized\glass\glass125.jpg,1,glass
318,dataset-resized\glass\glass126.jpg,1,glass
319,dataset-resized\glass\glass128.jpg,1,glass
320,dataset-resized\glass\glass129.jpg,1,glass
321,dataset-resized\glass\glass13.jpg,1,glass
322,dataset-resized\glass\glass132.jpg,1,glass
323,dataset-resized\glass\glass136.jpg,1,glass
324,dataset-resized\glass\glass137.jpg,1,glass
325,dataset-resized\glass\glass138.jpg,1,glass
326,dataset-resized\glass\glass14.jpg,1,glass
327,dataset-resized\glass\glass141.jpg,1,glass
328,dataset-resized\glass\glass142.jpg,1,glass
329,dataset-resized\glass\glass143.jpg,1,glass
330,dataset-resized\glass\glass144.jpg,1,glass
331,dataset-resized\glass\glass145.jpg,1,glass
332,dataset-resized\glass\glass146.jpg,1,glass
333,dataset-resized\glass\glass149.jpg,1,glass
334,dataset-resized\glass\glass15.jpg,1,glass
335,dataset-resized\glass\glass151.jpg,1,glass
336,dataset-resized\glass\glass152.jpg,1,glass
337,dataset-resized\glass\glass155.jpg,1,glass
338,dataset-resized\glass\glass156.jpg,1,glass
339,dataset-resized\glass\glass157.jpg,1,glass
340,dataset-resized\glass\glass16.jpg,1,glass
341,dataset-resized\glass\glass160.jpg,1,glass
342,dataset-resized\glass\glass162.jpg,1,glass
343,dataset-resized\glass\glass163.jpg,1,glass
344,dataset-resized\glass\glass164.jpg,1,glass
345,dataset-resized\glass\glass165.jpg,1,glass
346,dataset-resized\glass\glass166.jpg,1,glass
347,dataset-resized\glass\glass167.jpg,1,glass
348,dataset-resized\glass\glass169.jpg,1,glass
349,dataset-resized\glass\glass17.jpg,1,glass
350,dataset-resized\glass\glass170.jpg,1,glass
351,dataset-resized\glass\glass171.jpg,1,glass
352,dataset-resized\glass\glass172.jpg,1,glass
353,dataset-resized\glass\glass174.jpg,1,glass
354,dataset-resized\glass\glass176.jpg,1,glass
355,dataset-resized\glass\glass177.jpg,1,glass
356,dataset-resized\glass\glass178.jpg,1,glass
357,dataset-resized\glass\glass179.jpg,1,glass
358,dataset-resized\glass\glass18.jpg,1,glass
359,dataset-resized\glass\glass180.jpg,1,glass
360,dataset-resized\glass\glass181.jpg,1,glass
361,dataset-resized\glass\glass182.jpg,1,glass
362,dataset-resized\glass\glass184.jpg,1,glass
363,dataset-resized\glass\glass185.jpg,1,glass
364,dataset-resized\glass\glass187.jpg,1,glass
365,dataset-resized\glass\glass188.jpg,1,glass
366,dataset-resized\glass\glass19.jpg,1,glass
367,dataset-resized\glass\glass190.jpg,1,glass
368,dataset-resized\glass\glass191.jpg,1,glass
369,dataset-resized\glass\glass193.jpg,1,glass
370,dataset-resized\glass\glass195.jpg,1,glass
371,dataset-resized\glass\glass196.jpg,1,glass
372,dataset-resized\glass\glass199.jpg,1,glass
373,dataset-resized\glass\glass2.jpg,1,glass
374,dataset-resized\glass\glass20.jpg,1,glass
375,dataset-resized\glass\glass200.jpg,1,glass
376,dataset-resized\glass\glass202.jpg,1,glass
377,dataset-resized\glass\glass204.jpg,1,glass
378,dataset-resized\glass\glass205.jpg,1,glass
379,dataset-resized\glass\glass206.jpg,1,glass
380,dataset-resized\glass\glass209.jpg,1,glass
381,dataset-resized\glass\glass21.jpg,1,glass
382,dataset-resized\glass\glass210.jpg,1,glass
383,dataset-resized\glass\glass211.jpg,1,glass
384,dataset-resized\glass\glass212.jpg,1,glass
385,dataset-resized\glass\glass214.jpg,1,glass
386,dataset-resized\glass\glass218.jpg,1,glass
387,dataset-resized\glass\glass22.jpg,1,glass
388,dataset-resized\glass\glass220.jpg,1,glass
389,dataset-resized\glass\glass221.jpg,1,glass
390,dataset-resized\glass\glass224.jpg,1,glass
391,dataset-resized\glass\glass225.jpg,1,glass
392,dataset-resized\glass\glass228.jpg,1,glass
393,dataset-resized\glass\glass229.jpg,1,glass
394,dataset-resized\glass\glass230.jpg,1,glass
395,dataset-resized\glass\glass231.jpg,1,glass
396,dataset-resized\glass\glass232.jpg,1,glass
397,dataset-resized\glass\glass233.jpg,1,glass
398,dataset-resized\glass\glass234.jpg,1,glass
399,dataset-resized\glass\glass235.jpg,1,glass
400,dataset-resized\glass\glass236.jpg,1,glass
401,dataset-resized\glass\glass237.jpg,1,glass
402,dataset-resized\glass\glass239.jpg,1,glass
403,dataset-resized\glass\glass24.jpg,1,glass
404,dataset-resized\glass\glass240.jpg,1,glass
405,dataset-resized\glass\glass241.jpg,1,glass
406,dataset-resized\glass\glass243.jpg,1,glass
407,dataset-resized\glass\glass244.jpg,1,glass
408,dataset-resized\glass\glass245.jpg,1,glass
409,dataset-resized\glass\glass246.jpg,1,glass
410,dataset-resized\glass\glass247.jpg,1,glass
411,dataset-resized\glass\glass248.jpg,1,glass
412,dataset-resized\glass\glass249.jpg,1,glass
413,dataset-resized\glass\glass25.jpg,1,glass
414,dataset-resized\glass\glass250.jpg,1,glass
415,dataset-resized\glass\glass252.jpg,1,glass
416,dataset-resized\glass\glass253.jpg,1,glass
417,dataset-resized\glass\glass255.jpg,1,glass
418,dataset-resized\glass\glass256.jpg,1,glass
419,dataset-resized\glass\glass257.jpg,1,glass
420,dataset-resized\glass\glass258.jpg,1,glass
421,dataset-resized\glass\glass260.jpg,1,glass
422,dataset-resized\glass\glass261.jpg,1,glass
423,dataset-resized\glass\glass262.jpg,1,glass
424,dataset-resized\glass\glass263.jpg,1,glass
425,dataset-resized\glass\glass264.jpg,1,glass
426,dataset-resized\glass\glass266.jpg,1,glass
427,dataset-resized\glass\glass267.jpg,1,glass
428,dataset-resized\glass\glass268.jpg,1,glass
429,dataset-resized\glass\glass269.jpg,1,glass
430,dataset-resized\glass\glass270.jpg,1,glass
431,dataset-resized\glass\glass271.jpg,1,glass
432,dataset-resized\glass\glass272.jpg,1,glass
433,dataset-resized\glass\glass273.jpg,1,glass
434,dataset-resized\glass\glass274.jpg,1,glass
435,dataset-resized\glass\glass275.jpg,1,glass
436,dataset-resized\glass\glass276.jpg,1,glass
437,dataset-resized\glass\glass277.jpg,1,glass
438,dataset-resized\glass\glass279.jpg,1,glass
439,dataset-resized\glass\glass28.jpg,1,glass
440,dataset-resized\glass\glass280.jpg,1,glass
441,dataset-resized\glass\glass284.jpg,1,glass
442,dataset-resized\glass\glass285.jpg,1,glass
443,dataset-resized\glass\glass289.jpg,1,glass
444,dataset-resized\glass\glass29.jpg,1,glass
445,dataset-resized\glass\glass291.jpg,1,glass
446,dataset-resized\glass\glass292.jpg,1,glass
447,dataset-resized\glass\glass295.jpg,1,glass
448,dataset-resized\glass\glass296.jpg,1,glass
449,dataset-resized\glass\glass297.jpg,1,glass
450,dataset-resized\glass\glass299.jpg,1,glass
451,dataset-resized\glass\glass30.jpg,1,glass
452,dataset-resized\glass\glass300.jpg,1,glass
453,dataset-resized\glass\glass302.jpg,1,glass
454,dataset-resized\glass\glass303.jpg,1,glass
455,dataset-resized\glass\glass304.jpg,1,glass
456,dataset-resized\glass\glass305.jpg,1,glass
457,dataset-resized\glass\glass306.jpg,1,glass
458,dataset-resized\glass\glass307.jpg,1,glass
459,dataset-resized\glass\glass309.jpg,1,glass
460,dataset-resized\glass\glass310.jpg,1,glass
461,dataset-resized\glass\glass311.jpg,1,glass
462,dataset-resized\glass\glass312.jpg,1,glass
463,dataset-resized\glass\glass313.jpg,1,glass
464,dataset-resized\glass\glass314.jpg,1,glass
465,dataset-resized\glass\glass315.jpg,1,glass
466,dataset-resized\glass\glass316.jpg,1,glass
467,dataset-resized\glass\glass317.jpg,1,glass
468,dataset-resized\glass\glass318.jpg,1,glass
469,dataset-resized\glass\glass319.jpg,1,glass
470,dataset-resized\glass\glass32.jpg,1,glass
471,dataset-resized\glass\glass320.jpg,1,glass
472,dataset-resized\glass\glass322.jpg,1,glass
473,dataset-resized\glass\glass324.jpg,1,glass
474,dataset-resized\glass\glass325.jpg,1,glass
475,dataset-resized\glass\glass326.jpg,1,glass
476,dataset-resized\glass\glass327.jpg,1,glass
477,dataset-resized\glass\glass328.jpg,1,glass
478,dataset-resized\glass\glass329.jpg,1,glass
479,dataset-resized\glass\glass33.jpg,1,glass
480,dataset-resized\glass\glass331.jpg,1,glass
481,dataset-resized\glass\glass332.jpg,1,glass
482,dataset-resized\glass\glass333.jpg,1,glass
483,dataset-resized\glass\glass334.jpg,1,glass
484,dataset-resized\glass\glass336.jpg,1,glass
485,dataset-resized\glass\glass337.jpg,1,glass
486,dataset-resized\glass\glass338.jpg,1,glass
487,dataset-resized\glass\glass339.jpg,1,glass
488,dataset-resized\glass\glass340.jpg,1,glass
489,dataset-resized\glass\glass342.jpg,1,glass
490,dataset-resized\glass\glass343.jpg,1,glass
491,dataset-resized\glass\glass345.jpg,1,glass
492,dataset-resized\glass\glass346.jpg,1,glass
493,dataset-resized\glass\glass347.jpg,1,glass
494,dataset-resized\glass\glass348.jpg,1,glass
495,dataset-resized\glass\glass349.jpg,1,glass
496,dataset-resized\glass\glass350.jpg,1,glass
497,dataset-resized\glass\glass351.jpg,1,glass
498,dataset-resized\glass\glass353.jpg,1,glass
499,dataset-resized\glass\glass354.jpg,1,glass
500,dataset-resized\glass\glass355.jpg,1,glass
501,dataset-resized\glass\glass356.jpg,1,glass
502,dataset-resized\glass\glass358.jpg,1,glass
503,dataset-resized\glass\glass359.jpg,1,glass
504,dataset-resized\glass\glass36.jpg,1,glass
505,dataset-resized\glass\glass362.jpg,1,glass
506,dataset-resized\glass\glass363.jpg,1,glass
507,dataset-resized\glass\glass364.jpg,1,glass
508,dataset-resized\glass\glass365.jpg,1,glass
509,dataset-resized\glass\glass366.jpg,1,glass
510,dataset-resized\glass\glass367.jpg,1,glass
511,dataset-resized\glass\glass368.jpg,1,glass
512,dataset-resized\glass\glass369.jpg,1,glass
513,dataset-resized\glass\glass37.jpg,1,glass
514,dataset-resized\glass\glass374.jpg,1,glass
515,dataset-resized\glass\glass378.jpg,1,glass
516,dataset-resized\glass\glass379.jpg,1,glass
517,dataset-resized\glass\glass38.jpg,1,glass
518,dataset-resized\glass\glass380.jpg,1,glass
519,dataset-resized\glass\glass381.jpg,1,glass
520,dataset-resized\glass\glass383.jpg,1,glass
521,dataset-resized\glass\glass384.jpg,1,glass
522,dataset-resized\glass\glass385.jpg,1,glass
523,dataset-resized\glass\glass386.jpg,1,glass
524,dataset-resized\glass\glass387.jpg,1,glass
525,dataset-resized\glass\glass39.jpg,1,glass
526,dataset-resized\glass\glass390.jpg,1,glass
527,dataset-resized\glass\glass391.jpg,1,glass
528,dataset-resized\glass\glass393.jpg,1,glass
529,dataset-resized\glass\glass394.jpg,1,glass
530,dataset-resized\glass\glass395.jpg,1,glass
531,dataset-resized\glass\glass397.jpg,1,glass
532,dataset-resized\glass\glass398.jpg,1,glass
533,dataset-resized\glass\glass40.jpg,1,glass
534,dataset-resized\glass\glass400.jpg,1,glass
535,dataset-resized\glass\glass402.jpg,1,glass
536,dataset-resized\glass\glass403.jpg,1,glass
537,dataset-resized\glass\glass408.jpg,1,glass
538,dataset-resized\glass\glass409.jpg,1,glass
539,dataset-resized\glass\glass41.jpg,1,glass
540,dataset-resized\glass\glass410.jpg,1,glass
541,dataset-resized\glass\glass413.jpg,1,glass
542,dataset-resized\glass\glass415.jpg,1,glass
543,dataset-resized\glass\glass416.jpg,1,glass
544,dataset-resized\glass\glass419.jpg,1,glass
545,dataset-resized\glass\glass420.jpg,1,glass
546,dataset-resized\glass\glass424.jpg,1,glass
547,dataset-resized\glass\glass425.jpg,1,glass
548,dataset-resized\glass\glass426.jpg,1,glass
549,dataset-resized\glass\glass428.jpg,1,glass
550,dataset-resized\glass\glass429.jpg,1,glass
551,dataset-resized\glass\glass43.jpg,1,glass
552,dataset-resized\glass\glass430.jpg,1,glass
553,dataset-resized\glass\glass431.jpg,1,glass
554,dataset-resized\glass\glass434.jpg,1,glass
555,dataset-resized\glass\glass435.jpg,1,glass
556,dataset-resized\glass\glass437.jpg,1,glass
557,dataset-resized\glass\glass440.jpg,1,glass
558,dataset-resized\glass\glass442.jpg,1,glass
559,dataset-resized\glass\glass443.jpg,1,glass
560,dataset-resized\glass\glass444.jpg,1,glass
561,dataset-resized\glass\glass445.jpg,1,glass
562,dataset-resized\glass\glass446.jpg,1,glass
563,dataset-resized\glass\glass447.jpg,1,glass
564,dataset-resized\glass\glass448.jpg,1,glass
565,dataset-resized\glass\glass449.jpg,1,glass
566,dataset-resized\glass\glass45.jpg,1,glass
567,dataset-resized\glass\glass451.jpg,1,glass
568,dataset-resized\glass\glass454.jpg,1,glass
569,dataset-resized\glass\glass455.jpg,1,glass
570,dataset-resized\glass\glass459.jpg,1,glass
571,dataset-resized\glass\glass46.jpg,1,glass
572,dataset-resized\glass\glass462.jpg,1,glass
573,dataset-resized\glass\glass463.jpg,1,glass
574,dataset-resized\glass\glass464.jpg,1,glass
575,dataset-resized\glass\glass465.jpg,1,glass
576,dataset-resized\glass\glass466.jpg,1,glass
577,dataset-resized\glass\glass469.jpg,1,glass
578,dataset-resized\glass\glass47.jpg,1,glass
579,dataset-resized\glass\glass470.jpg,1,glass
580,dataset-resized\glass\glass471.jpg,1,glass
581,dataset-resized\glass\glass472.jpg,1,glass
582,dataset-resized\glass\glass473.jpg,1,glass
583,dataset-resized\glass\glass474.jpg,1,glass
584,dataset-resized\glass\glass475.jpg,1,glass
585,dataset-resized\glass\glass476.jpg,1,glass
586,dataset-resized\glass\glass477.jpg,1,glass
587,dataset-resized\glass\glass478.jpg,1,glass
588,dataset-resized\glass\glass479.jpg,1,glass
589,dataset-resized\glass\glass48.jpg,1,glass
590,dataset-resized\glass\glass480.jpg,1,glass
591,dataset-resized\glass\glass481.jpg,1,glass
592,dataset-resized\glass\glass482.jpg,1,glass
593,dataset-resized\glass\glass483.jpg,1,glass
594,dataset-resized\glass\glass484.jpg,1,glass
595,dataset-resized\glass\glass485.jpg,1,glass
596,dataset-resized\glass\glass486.jpg,1,glass
597,dataset-resized\glass\glass487.jpg,1,glass
598,dataset-resized\glass\glass488.jpg,1,glass
599,dataset-resized\glass\glass489.jpg,1,glass
600,dataset-resized\glass\glass49.jpg,1,glass
601,dataset-resized\glass\glass491.jpg,1,glass
602,dataset-resized\glass\glass492.jpg,1,glass
603,dataset-resized\glass\glass493.jpg,1,glass
604,dataset-resized\glass\glass494.jpg,1,glass
605,dataset-resized\glass\glass495.jpg,1,glass
606,dataset-resized\glass\glass496.jpg,1,glass
607,dataset-resized\glass\glass497.jpg,1,glass
608,dataset-resized\glass\glass498.jpg,1,glass
609,dataset-resized\glass\glass499.jpg,1,glass
610,dataset-resized\glass\glass5.jpg,1,glass
611,dataset-resized\glass\glass50.jpg,1,glass
612,dataset-resized\glass\glass500.jpg,1,glass
613,dataset-resized\glass\glass501.jpg,1,glass
614,dataset-resized\glass\glass51.jpg,1,glass
615,dataset-resized\glass\glass52.jpg,1,glass
616,dataset-resized\glass\glass53.jpg,1,glass
617,dataset-resized\glass\glass54.jpg,1,glass
618,dataset-resized\glass\glass55.jpg,1,glass
619,dataset-resized\glass\glass56.jpg,1,glass
620,dataset-resized\glass\glass59.jpg,1,glass
621,dataset-resized\glass\glass6.jpg,1,glass
622,dataset-resized\glass\glass60.jpg,1,glass
623,dataset-resized\glass\glass62.jpg,1,glass
624,dataset-resized\glass\glass64.jpg,1,glass
625,dataset-resized\glass\glass65.jpg,1,glass
626,dataset-resized\glass\glass66.jpg,1,glass
627,dataset-resized\glass\glass67.jpg,1,glass
628,dataset-resized\glass\glass68.jpg,1,glass
629,dataset-resized\glass\glass69.jpg,1,glass
630,dataset-resized\glass\glass7.jpg,1,glass
631,dataset-resized\glass\glass72.jpg,1,glass
632,dataset-resized\glass\glass73.jpg,1,glass
633,dataset-resized\glass\glass74.jpg,1,glass
634,dataset-resized\glass\glass75.jpg,1,glass
635,dataset-resized\glass\glass77.jpg,1,glass
636,dataset-resized\glass\glass78.jpg,1,glass
637,dataset-resized\glass\glass79.jpg,1,glass
638,dataset-resized\glass\glass8.jpg,1,glass
639,dataset-resized\glass\glass82.jpg,1,glass
640,dataset-resized\glass\glass83.jpg,1,glass
641,dataset-resized\glass\glass84.jpg,1,glass
642,dataset-resized\glass\glass85.jpg,1,glass
643,dataset-resized\glass\glass86.jpg,1,glass
644,dataset-resized\glass\glass87.jpg,1,glass
645,dataset-resized\glass\glass88.jpg,1,glass
646,dataset-resized\glass\glass89.jpg,1,glass
647,dataset-resized\glass\glass9.jpg,1,glass
648,dataset-resized\glass\glass90.jpg,1,glass
649,dataset-resized\glass\glass91.jpg,1,glass
650,dataset-resized\glass\glass93.jpg,1,glass
651,dataset-resized\glass\glass94.jpg,1,glass
652,dataset-resized\glass\glass95.jpg,1,glass
653,dataset-resized\glass\glass96.jpg,1,glass
654,dataset-resized\glass\glass98.jpg,1,glass
655,dataset-resized\glass\glass99.jpg,1,glass
656,dataset-resized\metal\metal1.jpg,2,metal
657,dataset-resized\metal\metal10.jpg,2,metal
658,dataset-resized\metal\metal100.jpg,2,metal
659,dataset-resized\metal\metal103.jpg,2,metal
660,dataset-resized\metal\metal106.jpg,2,metal
661,dataset-resized\metal\metal107.jpg,2,metal
662,dataset-resized\metal\metal108.jpg,2,metal
663,dataset-resized\metal\metal109.jpg,2,metal
664,dataset-resized\metal\metal11.jpg,2,metal
665,dataset-resized\metal\metal110.jpg,2,metal
666,dataset-resized\metal\metal111.jpg,2,metal
667,dataset-resized\metal\metal112.jpg,2,metal
668,dataset-resized\metal\metal113.jpg,2,metal
669,dataset-resized\metal\metal116.jpg,2,metal
670,dataset-resized\metal\metal118.jpg,2,metal
671,dataset-resized\metal\metal12.jpg,2,metal
672,dataset-resized\metal\metal120.jpg,2,metal
673,dataset-resized\metal\metal124.jpg,2,metal
674,dataset-resized\metal\metal125.jpg,2,metal
675,dataset-resized\metal\metal126.jpg,2,metal
676,dataset-resized\metal\metal127.jpg,2,metal
677,dataset-resized\metal\metal128.jpg,2,metal
678,dataset-resized\metal\metal13.jpg,2,metal
679,dataset-resized\metal\metal132.jpg,2,metal
680,dataset-resized\metal\metal133.jpg,2,metal
681,dataset-resized\metal\metal134.jpg,2,metal
682,dataset-resized\metal\metal138.jpg,2,metal
683,dataset-resized\metal\metal14.jpg,2,metal
684,dataset-resized\metal\metal140.jpg,2,metal
685,dataset-resized\metal\metal143.jpg,2,metal
686,dataset-resized\metal\metal144.jpg,2,metal
687,dataset-resized\metal\metal145.jpg,2,metal
688,dataset-resized\metal\metal148.jpg,2,metal
689,dataset-resized\metal\metal149.jpg,2,metal
690,dataset-resized\metal\metal15.jpg,2,metal
691,dataset-resized\metal\metal150.jpg,2,metal
692,dataset-resized\metal\metal151.jpg,2,metal
693,dataset-resized\metal\metal152.jpg,2,metal
694,dataset-resized\metal\metal153.jpg,2,metal
695,dataset-resized\metal\metal155.jpg,2,metal
696,dataset-resized\metal\metal157.jpg,2,metal
697,dataset-resized\metal\metal159.jpg,2,metal
698,dataset-resized\metal\metal16.jpg,2,metal
699,dataset-resized\metal\metal161.jpg,2,metal
700,dataset-resized\metal\metal162.jpg,2,metal
701,dataset-resized\metal\metal163.jpg,2,metal
702,dataset-resized\metal\metal164.jpg,2,metal
703,dataset-resized\metal\metal165.jpg,2,metal
704,dataset-resized\metal\metal166.jpg,2,metal
705,dataset-resized\metal\metal167.jpg,2,metal
706,dataset-resized\metal\metal168.jpg,2,metal
707,dataset-resized\metal\metal169.jpg,2,metal
708,dataset-resized\metal\metal17.jpg,2,metal
709,dataset-resized\metal\metal170.jpg,2,metal
710,dataset-resized\metal\metal171.jpg,2,metal
711,dataset-resized\metal\metal172.jpg,2,metal
712,dataset-resized\metal\metal173.jpg,2,metal
713,dataset-resized\metal\metal174.jpg,2,metal
714,dataset-resized\metal\metal175.jpg,2,metal
715,dataset-resized\metal\metal176.jpg,2,metal
716,dataset-resized\metal\metal179.jpg,2,metal
717,dataset-resized\metal\metal180.jpg,2,metal
718,dataset-resized\metal\metal181.jpg,2,metal
719,dataset-resized\metal\metal182.jpg,2,metal
720,dataset-resized\metal\metal184.jpg,2,metal
721,dataset-resized\metal\metal185.jpg,2,metal
722,dataset-resized\metal\metal186.jpg,2,metal
723,dataset-resized\metal\metal188.jpg,2,metal
724,dataset-resized\metal\metal189.jpg,2,metal
725,dataset-resized\metal\metal19.jpg,2,metal
726,dataset-resized\metal\metal190.jpg,2,metal
727,dataset-resized\metal\metal191.jpg,2,metal
728,dataset-resized\metal\metal192.jpg,2,metal
729,dataset-resized\metal\metal193.jpg,2,metal
730,dataset-resized\metal\metal195.jpg,2,metal
731,dataset-resized\metal\metal198.jpg,2,metal
732,dataset-resized\metal\metal199.jpg,2,metal
733,dataset-resized\metal\metal2.jpg,2,metal
734,dataset-resized\metal\metal200.jpg,2,metal
735,dataset-resized\metal\metal201.jpg,2,metal
736,dataset-resized\metal\metal204.jpg,2,metal
737,dataset-resized\metal\metal205.jpg,2,metal
738,dataset-resized\metal\metal207.jpg,2,metal
739,dataset-resized\metal\metal208.jpg,2,metal
740,dataset-resized\metal\metal209.jpg,2,metal
741,dataset-resized\metal\metal211.jpg,2,metal
742,dataset-resized\metal\metal212.jpg,2,metal
743,dataset-resized\metal\metal213.jpg,2,metal
744,dataset-resized\metal\metal215.jpg,2,metal
745,dataset-resized\metal\metal216.jpg,2,metal
746,dataset-resized\metal\metal217.jpg,2,metal
747,dataset-resized\metal\metal218.jpg,2,metal
748,dataset-resized\metal\metal219.jpg,2,metal
749,dataset-resized\metal\metal22.jpg,2,metal
750,dataset-resized\metal\metal221.jpg,2,metal
751,dataset-resized\metal\metal222.jpg,2,metal
752,dataset-resized\metal\metal225.jpg,2,metal
753,dataset-resized\metal\metal226.jpg,2,metal
754,dataset-resized\metal\metal227.jpg,2,metal
755,dataset-resized\metal\metal228.jpg,2,metal
756,dataset-resized\metal\metal229.jpg,2,metal
757,dataset-resized\metal\metal23.jpg,2,metal
758,dataset-resized\metal\metal232.jpg,2,metal
759,dataset-resized\metal\metal233.jpg,2,metal
760,dataset-resized\metal\metal235.jpg,2,metal
761,dataset-resized\metal\metal237.jpg,2,metal
762,dataset-resized\metal\metal239.jpg,2,metal
763,dataset-resized\metal\metal24.jpg,2,metal
764,dataset-resized\metal\metal240.jpg,2,metal
765,dataset-resized\metal\metal241.jpg,2,metal
766,dataset-resized\metal\metal243.jpg,2,metal
767,dataset-resized\metal\metal246.jpg,2,metal
768,dataset-resized\metal\metal25.jpg,2,metal
769,dataset-resized\metal\metal250.jpg,2,metal
770,dataset-resized\metal\metal251.jpg,2,metal
771,dataset-resized\metal\metal252.jpg,2,metal
772,dataset-resized\metal\metal254.jpg,2,metal
773,dataset-resized\metal\metal255.jpg,2,metal
774,dataset-resized\metal\metal256.jpg,2,metal
775,dataset-resized\metal\metal257.jpg,2,metal
776,dataset-resized\metal\metal258.jpg,2,metal
777,dataset-resized\metal\metal26.jpg,2,metal
778,dataset-resized\metal\metal260.jpg,2,metal
779,dataset-resized\metal\metal261.jpg,2,metal
780,dataset-resized\metal\metal262.jpg,2,metal
781,dataset-resized\metal\metal263.jpg,2,metal
782,dataset-resized\metal\metal264.jpg,2,metal
783,dataset-resized\metal\metal265.jpg,2,metal
784,dataset-resized\metal\metal268.jpg,2,metal
785,dataset-resized\metal\metal269.jpg,2,metal
786,dataset-resized\metal\metal27.jpg,2,metal
787,dataset-resized\metal\metal271.jpg,2,metal
788,dataset-resized\metal\metal272.jpg,2,metal
789,dataset-resized\metal\metal273.jpg,2,metal
790,dataset-resized\metal\metal274.jpg,2,metal
791,dataset-resized\metal\metal277.jpg,2,metal
792,dataset-resized\metal\metal281.jpg,2,metal
793,dataset-resized\metal\metal282.jpg,2,metal
794,dataset-resized\metal\metal283.jpg,2,metal
795,dataset-resized\metal\metal284.jpg,2,metal
796,dataset-resized\metal\metal285.jpg,2,metal
797,dataset-resized\metal\metal286.jpg,2,metal
798,dataset-resized\metal\metal287.jpg,2,metal
799,dataset-resized\metal\metal288.jpg,2,metal
800,dataset-resized\metal\metal29.jpg,2,metal
801,dataset-resized\metal\metal291.jpg,2,metal
802,dataset-resized\metal\metal292.jpg,2,metal
803,dataset-resized\metal\metal294.jpg,2,metal
804,dataset-resized\metal\metal295.jpg,2,metal
805,dataset-resized\metal\metal296.jpg,2,metal
806,dataset-resized\metal\metal297.jpg,2,metal
807,dataset-resized\metal\metal298.jpg,2,metal
808,dataset-resized\metal\metal30.jpg,2,metal
809,dataset-resized\metal\metal300.jpg,2,metal
810,dataset-resized\metal\metal301.jpg,2,metal
811,dataset-resized\metal\metal302.jpg,2,metal
812,dataset-resized\metal\metal303.jpg,2,metal
813,dataset-resized\metal\metal304.jpg,2,metal
814,dataset-resized\metal\metal305.jpg,2,metal
815,dataset-resized\metal\metal306.jpg,2,metal
816,dataset-resized\metal\metal307.jpg,2,metal
817,dataset-resized\metal\metal308.jpg,2,metal
818,dataset-resized\metal\metal309.jpg,2,metal
819,dataset-resized\metal\metal31.jpg,2,metal
820,dataset-resized\metal\metal310.jpg,2,metal
821,dataset-resized\metal\metal311.jpg,2,metal
822,dataset-resized\metal\metal312.jpg,2,metal
823,dataset-resized\metal\metal313.jpg,2,metal
824,dataset-resized\metal\metal314.jpg,2,metal
825,dataset-resized\metal\metal316.jpg,2,metal
826,dataset-resized\metal\metal317.jpg,2,metal
827,dataset-resized\metal\metal320.jpg,2,metal
828,dataset-resized\metal\metal321.jpg,2,metal
829,dataset-resized\metal\metal322.jpg,2,metal
830,dataset-resized\metal\metal323.jpg,2,metal
831,dataset-resized\metal\metal324.jpg,2,metal
832,dataset-resized\metal\metal325.jpg,2,metal
833,dataset-resized\metal\metal327.jpg,2,metal
834,dataset-resized\metal\metal329.jpg,2,metal
835,dataset-resized\metal\metal33.jpg,2,metal
836,dataset-resized\metal\metal330.jpg,2,metal
837,dataset-resized\metal\metal331.jpg,2,metal
838,dataset-resized\metal\metal332.jpg,2,metal
839,dataset-resized\metal\metal333.jpg,2,metal
840,dataset-resized\metal\metal334.jpg,2,metal
841,dataset-resized\metal\metal335.jpg,2,metal
842,dataset-resized\metal\metal336.jpg,2,metal
843,dataset-resized\metal\metal337.jpg,2,metal
844,dataset-resized\metal\metal338.jpg,2,metal
845,dataset-resized\metal\metal339.jpg,2,metal
846,dataset-resized\metal\metal34.jpg,2,metal
847,dataset-resized\metal\metal340.jpg,2,metal
848,dataset-resized\metal\metal341.jpg,2,metal
849,dataset-resized\metal\metal342.jpg,2,metal
850,dataset-resized\metal\metal343.jpg,2,metal
851,dataset-resized\metal\metal344.jpg,2,metal
852,dataset-resized\metal\metal345.jpg,2,metal
853,dataset-resized\metal\metal346.jpg,2,metal
854,dataset-resized\metal\metal347.jpg,2,metal
855,dataset-resized\metal\metal348.jpg,2,metal
856,dataset-resized\metal\metal350.jpg,2,metal
857,dataset-resized\metal\metal353.jpg,2,metal
858,dataset-resized\metal\metal354.jpg,2,metal
859,dataset-resized\metal\metal358.jpg,2,metal
860,dataset-resized\metal\metal36.jpg,2,metal
861,dataset-resized\metal\metal361.jpg,2,metal
862,dataset-resized\metal\metal362.jpg,2,metal
863,dataset-resized\metal\metal363.jpg,2,metal
864,dataset-resized\metal\metal365.jpg,2,metal
865,dataset-resized\metal\metal366.jpg,2,metal
866,dataset-resized\metal\metal37.jpg,2,metal
867,dataset-resized\metal\metal371.jpg,2,metal
868,dataset-resized\metal\metal372.jpg,2,metal
869,dataset-resized\metal\metal374.jpg,2,metal
870,dataset-resized\metal\metal375.jpg,2,metal
871,dataset-resized\metal\metal377.jpg,2,metal
872,dataset-resized\metal\metal379.jpg,2,metal
873,dataset-resized\metal\metal38.jpg,2,metal
874,dataset-resized\metal\metal381.jpg,2,metal
875,dataset-resized\metal\metal382.jpg,2,metal
876,dataset-resized\metal\metal384.jpg,2,metal
877,dataset-resized\metal\metal386.jpg,2,metal
878,dataset-resized\metal\metal388.jpg,2,metal
879,dataset-resized\metal\metal389.jpg,2,metal
880,dataset-resized\metal\metal39.jpg,2,metal
881,dataset-resized\metal\metal390.jpg,2,metal
882,dataset-resized\metal\metal391.jpg,2,metal
883,dataset-resized\metal\metal392.jpg,2,metal
884,dataset-resized\metal\metal393.jpg,2,metal
885,dataset-resized\metal\metal394.jpg,2,metal
886,dataset-resized\metal\metal395.jpg,2,metal
887,dataset-resized\metal\metal396.jpg,2,metal
888,dataset-resized\metal\metal397.jpg,2,metal
889,dataset-resized\metal\metal398.jpg,2,metal
890,dataset-resized\metal\metal399.jpg,2,metal
891,dataset-resized\metal\metal4.jpg,2,metal
892,dataset-resized\metal\metal40.jpg,2,metal
893,dataset-resized\metal\metal400.jpg,2,metal
894,dataset-resized\metal\metal401.jpg,2,metal
895,dataset-resized\metal\metal403.jpg,2,metal
896,dataset-resized\metal\metal404.jpg,2,metal
897,dataset-resized\metal\metal405.jpg,2,metal
898,dataset-resized\metal\metal406.jpg,2,metal
899,dataset-resized\metal\metal407.jpg,2,metal
900,dataset-resized\metal\metal408.jpg,2,metal
901,dataset-resized\metal\metal409.jpg,2,metal
902,dataset-resized\metal\metal41.jpg,2,metal
903,dataset-resized\metal\metal410.jpg,2,metal
904,dataset-resized\metal\metal43.jpg,2,metal
905,dataset-resized\metal\metal44.jpg,2,metal
906,dataset-resized\metal\metal46.jpg,2,metal
907,dataset-resized\metal\metal48.jpg,2,metal
908,dataset-resized\metal\metal49.jpg,2,metal
909,dataset-resized\metal\metal5.jpg,2,metal
910,dataset-resized\metal\metal51.jpg,2,metal
911,dataset-resized\metal\metal52.jpg,2,metal
912,dataset-resized\metal\metal55.jpg,2,metal
913,dataset-resized\metal\metal57.jpg,2,metal
914,dataset-resized\metal\metal58.jpg,2,metal
915,dataset-resized\metal\metal6.jpg,2,metal
916,dataset-resized\metal\metal60.jpg,2,metal
917,dataset-resized\metal\metal61.jpg,2,metal
918,dataset-resized\metal\metal62.jpg,2,metal
919,dataset-resized\metal\metal63.jpg,2,metal
920,dataset-resized\metal\metal64.jpg,2,metal
921,dataset-resized\metal\metal66.jpg,2,metal
922,dataset-resized\metal\metal67.jpg,2,metal
923,dataset-resized\metal\metal68.jpg,2,metal
924,dataset-resized\metal\metal7.jpg,2,metal
925,dataset-resized\metal\metal70.jpg,2,metal
926,dataset-resized\metal\metal71.jpg,2,metal
927,dataset-resized\metal\metal72.jpg,2,metal
928,dataset-resized\metal\metal73.jpg,2,metal
929,dataset-resized\metal\metal74.jpg,2,metal
930,dataset-resized\metal\metal75.jpg,2,metal
931,dataset-resized\metal\metal76.jpg,2,metal
932,dataset-resized\metal\metal77.jpg,2,metal
933,dataset-resized\metal\metal78.jpg,2,metal
934,dataset-resized\metal\metal79.jpg,2,metal
935,dataset-resized\metal\metal81.jpg,2,metal
936,dataset-resized\metal\metal82.jpg,2,metal
937,dataset-resized\metal\metal84.jpg,2,metal
938,dataset-resized\metal\metal86.jpg,2,metal
939,dataset-resized\metal\metal88.jpg,2,metal
940,dataset-resized\metal\metal89.jpg,2,metal
941,dataset-resized\metal\metal9.jpg,2,metal
942,dataset-resized\metal\metal90.jpg,2,metal
943,dataset-resized\metal\metal91.jpg,2,metal
944,dataset-resized\metal\metal93.jpg,2,metal
945,dataset-resized\metal\metal95.jpg,2,metal
946,dataset-resized\metal\metal97.jpg,2,metal
947,dataset-resized\metal\metal99.jpg,2,metal
948,dataset-resized\paper\paper1.jpg,3,paper
949,dataset-resized\paper\paper10.jpg,3,paper
950,dataset-resized\paper\paper100.jpg,3,paper
951,dataset-resized\paper\paper101.jpg,3,paper
952,dataset-resized\paper\paper103.jpg,3,paper
953,dataset-resized\paper\paper104.jpg,3,paper
954,dataset-resized\paper\paper105.jpg,3,paper
955,dataset-resized\paper\paper107.jpg,3,paper
956,dataset-resized\paper\paper108.jpg,3,paper
957,dataset-resized\paper\paper11.jpg,3,paper
958,dataset-resized\paper\paper110.jpg,3,paper
959,dataset-resized\paper\paper111.jpg,3,paper
960,dataset-resized\paper\paper113.jpg,3,paper
961,dataset-resized\paper\paper114.jpg,3,paper
962,dataset-resized\paper\paper115.jpg,3,paper
963,dataset-resized\paper\paper116.jpg,3,paper
964,dataset-resized\paper\paper117.jpg,3,paper
965,dataset-resized\paper\paper119.jpg,3,paper
966,dataset-resized\paper\paper12.jpg,3,paper
967,dataset-resized\paper\paper120.jpg,3,paper
968,dataset-resized\paper\paper122.jpg,3,paper
969,dataset-resized\paper\paper123.jpg,3,paper
970,dataset-resized\paper\paper125.jpg,3,paper
971,dataset-resized\paper\paper126.jpg,3,paper
972,dataset-resized\paper\paper127.jpg,3,paper
973,dataset-resized\paper\paper128.jpg,3,paper
974,dataset-resized\paper\paper129.jpg,3,paper
975,dataset-resized\paper\paper13.jpg,3,paper
976,dataset-resized\paper\paper130.jpg,3,paper
977,dataset-resized\paper\paper131.jpg,3,paper
978,dataset-resized\paper\paper132.jpg,3,paper
979,dataset-resized\paper\paper136.jpg,3,paper
980,dataset-resized\paper\paper137.jpg,3,paper
981,dataset-resized\paper\paper14.jpg,3,paper
982,dataset-resized\paper\paper140.jpg,3,paper
983,dataset-resized\paper\paper141.jpg,3,paper
984,dataset-resized\paper\paper142.jpg,3,paper
985,dataset-resized\paper\paper143.jpg,3,paper
986,dataset-resized\paper\paper144.jpg,3,paper
987,dataset-resized\paper\paper145.jpg,3,paper
988,dataset-resized\paper\paper146.jpg,3,paper
989,dataset-resized\paper\paper147.jpg,3,paper
990,dataset-resized\paper\paper148.jpg,3,paper
991,dataset-resized\paper\paper149.jpg,3,paper
992,dataset-resized\paper\paper15.jpg,3,paper
993,dataset-resized\paper\paper153.jpg,3,paper
994,dataset-resized\paper\paper154.jpg,3,paper
995,dataset-resized\paper\paper155.jpg,3,paper
996,dataset-resized\paper\paper157.jpg,3,paper
997,dataset-resized\paper\paper158.jpg,3,paper
998,dataset-resized\paper\paper159.jpg,3,paper
999,dataset-resized\paper\paper16.jpg,3,paper
1000,dataset-resized\paper\paper160.jpg,3,paper
1001,dataset-resized\paper\paper162.jpg,3,paper
1002,dataset-resized\paper\paper163.jpg,3,paper
1003,dataset-resized\paper\paper164.jpg,3,paper
1004,dataset-resized\paper\paper165.jpg,3,paper
1005,dataset-resized\paper\paper166.jpg,3,paper
1006,dataset-resized\paper\paper167.jpg,3,paper
1007,dataset-resized\paper\paper168.jpg,3,paper
1008,dataset-resized\paper\paper169.jpg,3,paper
1009,dataset-resized\paper\paper17.jpg,3,paper
1010,dataset-resized\paper\paper170.jpg,3,paper
1011,dataset-resized\paper\paper171.jpg,3,paper
1012,dataset-resized\paper\paper172.jpg,3,paper
1013,dataset-resized\paper\paper173.jpg,3,paper
1014,dataset-resized\paper\paper174.jpg,3,paper
1015,dataset-resized\paper\paper175.jpg,3,paper
1016,dataset-resized\paper\paper178.jpg,3,paper
1017,dataset-resized\paper\paper179.jpg,3,paper
1018,dataset-resized\paper\paper18.jpg,3,paper
1019,dataset-resized\paper\paper182.jpg,3,paper
1020,dataset-resized\paper\paper183.jpg,3,paper
1021,dataset-resized\paper\paper184.jpg,3,paper
1022,dataset-resized\paper\paper186.jpg,3,paper
1023,dataset-resized\paper\paper188.jpg,3,paper
1024,dataset-resized\paper\paper189.jpg,3,paper
1025,dataset-resized\paper\paper191.jpg,3,paper
1026,dataset-resized\paper\paper193.jpg,3,paper
1027,dataset-resized\paper\paper195.jpg,3,paper
1028,dataset-resized\paper\paper196.jpg,3,paper
1029,dataset-resized\paper\paper197.jpg,3,paper
1030,dataset-resized\paper\paper198.jpg,3,paper
1031,dataset-resized\paper\paper199.jpg,3,paper
1032,dataset-resized\paper\paper2.jpg,3,paper
1033,dataset-resized\paper\paper20.jpg,3,paper
1034,dataset-resized\paper\paper200.jpg,3,paper
1035,dataset-resized\paper\paper201.jpg,3,paper
1036,dataset-resized\paper\paper202.jpg,3,paper
1037,dataset-resized\paper\paper203.jpg,3,paper
1038,dataset-resized\paper\paper205.jpg,3,paper
1039,dataset-resized\paper\paper207.jpg,3,paper
1040,dataset-resized\paper\paper208.jpg,3,paper
1041,dataset-resized\paper\paper209.jpg,3,paper
1042,dataset-resized\paper\paper21.jpg,3,paper
1043,dataset-resized\paper\paper210.jpg,3,paper
1044,dataset-resized\paper\paper211.jpg,3,paper
1045,dataset-resized\paper\paper212.jpg,3,paper
1046,dataset-resized\paper\paper213.jpg,3,paper
1047,dataset-resized\paper\paper214.jpg,3,paper
1048,dataset-resized\paper\paper215.jpg,3,paper
1049,dataset-resized\paper\paper216.jpg,3,paper
1050,dataset-resized\paper\paper217.jpg,3,paper
1051,dataset-resized\paper\paper218.jpg,3,paper
1052,dataset-resized\paper\paper219.jpg,3,paper
1053,dataset-resized\paper\paper22.jpg,3,paper
1054,dataset-resized\paper\paper220.jpg,3,paper
1055,dataset-resized\paper\paper221.jpg,3,paper
1056,dataset-resized\paper\paper222.jpg,3,paper
1057,dataset-resized\paper\paper224.jpg,3,paper
1058,dataset-resized\paper\paper225.jpg,3,paper
1059,dataset-resized\paper\paper226.jpg,3,paper
1060,dataset-resized\paper\paper227.jpg,3,paper
1061,dataset-resized\paper\paper228.jpg,3,paper
1062,dataset-resized\paper\paper229.jpg,3,paper
1063,dataset-resized\paper\paper23.jpg,3,paper
1064,dataset-resized\paper\paper231.jpg,3,paper
1065,dataset-resized\paper\paper235.jpg,3,paper
1066,dataset-resized\paper\paper236.jpg,3,paper
1067,dataset-resized\paper\paper239.jpg,3,paper
1068,dataset-resized\paper\paper24.jpg,3,paper
1069,dataset-resized\paper\paper241.jpg,3,paper
1070,dataset-resized\paper\paper242.jpg,3,paper
1071,dataset-resized\paper\paper244.jpg,3,paper
1072,dataset-resized\paper\paper245.jpg,3,paper
1073,dataset-resized\paper\paper246.jpg,3,paper
1074,dataset-resized\paper\paper248.jpg,3,paper
1075,dataset-resized\paper\paper25.jpg,3,paper
1076,dataset-resized\paper\paper250.jpg,3,paper
1077,dataset-resized\paper\paper251.jpg,3,paper
1078,dataset-resized\paper\paper252.jpg,3,paper
1079,dataset-resized\paper\paper253.jpg,3,paper
1080,dataset-resized\paper\paper254.jpg,3,paper
1081,dataset-resized\paper\paper258.jpg,3,paper
1082,dataset-resized\paper\paper259.jpg,3,paper
1083,dataset-resized\paper\paper26.jpg,3,paper
1084,dataset-resized\paper\paper260.jpg,3,paper
1085,dataset-resized\paper\paper264.jpg,3,paper
1086,dataset-resized\paper\paper266.jpg,3,paper
1087,dataset-resized\paper\paper267.jpg,3,paper
1088,dataset-resized\paper\paper271.jpg,3,paper
1089,dataset-resized\paper\paper272.jpg,3,paper
1090,dataset-resized\paper\paper273.jpg,3,paper
1091,dataset-resized\paper\paper274.jpg,3,paper
1092,dataset-resized\paper\paper275.jpg,3,paper
1093,dataset-resized\paper\paper278.jpg,3,paper
1094,dataset-resized\paper\paper279.jpg,3,paper
1095,dataset-resized\paper\paper28.jpg,3,paper
1096,dataset-resized\paper\paper280.jpg,3,paper
1097,dataset-resized\paper\paper281.jpg,3,paper
1098,dataset-resized\paper\paper282.jpg,3,paper
1099,dataset-resized\paper\paper284.jpg,3,paper
1100,dataset-resized\paper\paper285.jpg,3,paper
1101,dataset-resized\paper\paper286.jpg,3,paper
1102,dataset-resized\paper\paper288.jpg,3,paper
1103,dataset-resized\paper\paper29.jpg,3,paper
1104,dataset-resized\paper\paper291.jpg,3,paper
1105,dataset-resized\paper\paper292.jpg,3,paper
1106,dataset-resized\paper\paper293.jpg,3,paper
1107,dataset-resized\paper\paper294.jpg,3,paper
1108,dataset-resized\paper\paper295.jpg,3,paper
1109,dataset-resized\paper\paper296.jpg,3,paper
1110,dataset-resized\paper\paper297.jpg,3,paper
1111,dataset-resized\paper\paper299.jpg,3,paper
1112,dataset-resized\paper\paper30.jpg,3,paper
1113,dataset-resized\paper\paper301.jpg,3,paper
1114,dataset-resized\paper\paper302.jpg,3,paper
1115,dataset-resized\paper\paper304.jpg,3,paper
1116,dataset-resized\paper\paper305.jpg,3,paper
1117,dataset-resized\paper\paper306.jpg,3,paper
1118,dataset-resized\paper\paper307.jpg,3,paper
1119,dataset-resized\paper\paper308.jpg,3,paper
1120,dataset-resized\paper\paper309.jpg,3,paper
1121,dataset-resized\paper\paper31.jpg,3,paper
1122,dataset-resized\paper\paper310.jpg,3,paper
1123,dataset-resized\paper\paper313.jpg,3,paper
1124,dataset-resized\paper\paper314.jpg,3,paper
1125,dataset-resized\paper\paper315.jpg,3,paper
1126,dataset-resized\paper\paper318.jpg,3,paper
1127,dataset-resized\paper\paper32.jpg,3,paper
1128,dataset-resized\paper\paper320.jpg,3,paper
1129,dataset-resized\paper\paper321.jpg,3,paper
1130,dataset-resized\paper\paper322.jpg,3,paper
1131,dataset-resized\paper\paper324.jpg,3,paper
1132,dataset-resized\paper\paper325.jpg,3,paper
1133,dataset-resized\paper\paper326.jpg,3,paper
1134,dataset-resized\paper\paper327.jpg,3,paper
1135,dataset-resized\paper\paper328.jpg,3,paper
1136,dataset-resized\paper\paper33.jpg,3,paper
1137,dataset-resized\paper\paper331.jpg,3,paper
1138,dataset-resized\paper\paper333.jpg,3,paper
1139,dataset-resized\paper\paper334.jpg,3,paper
1140,dataset-resized\paper\paper335.jpg,3,paper
1141,dataset-resized\paper\paper336.jpg,3,paper
1142,dataset-resized\paper\paper338.jpg,3,paper
1143,dataset-resized\paper\paper339.jpg,3,paper
1144,dataset-resized\paper\paper34.jpg,3,paper
1145,dataset-resized\paper\paper340.jpg,3,paper
1146,dataset-resized\paper\paper341.jpg,3,paper
1147,dataset-resized\paper\paper342.jpg,3,paper
1148,dataset-resized\paper\paper343.jpg,3,paper
1149,dataset-resized\paper\paper344.jpg,3,paper
1150,dataset-resized\paper\paper346.jpg,3,paper
1151,dataset-resized\paper\paper347.jpg,3,paper
1152,dataset-resized\paper\paper348.jpg,3,paper
1153,dataset-resized\paper\paper349.jpg,3,paper
1154,dataset-resized\paper\paper35.jpg,3,paper
1155,dataset-resized\paper\paper350.jpg,3,paper
1156,dataset-resized\paper\paper351.jpg,3,paper
1157,dataset-resized\paper\paper354.jpg,3,paper
1158,dataset-resized\paper\paper356.jpg,3,paper
1159,dataset-resized\paper\paper358.jpg,3,paper
1160,dataset-resized\paper\paper359.jpg,3,paper
1161,dataset-resized\paper\paper361.jpg,3,paper
1162,dataset-resized\paper\paper362.jpg,3,paper
1163,dataset-resized\paper\paper363.jpg,3,paper
1164,dataset-resized\paper\paper364.jpg,3,paper
1165,dataset-resized\paper\paper365.jpg,3,paper
1166,dataset-resized\paper\paper367.jpg,3,paper
1167,dataset-resized\paper\paper370.jpg,3,paper
1168,dataset-resized\paper\paper372.jpg,3,paper
1169,dataset-resized\paper\paper373.jpg,3,paper
1170,dataset-resized\paper\paper374.jpg,3,paper
1171,dataset-resized\paper\paper375.jpg,3,paper
1172,dataset-resized\paper\paper376.jpg,3,paper
1173,dataset-resized\paper\paper377.jpg,3,paper
1174,dataset-resized\paper\paper378.jpg,3,paper
1175,dataset-resized\paper\paper379.jpg,3,paper
1176,dataset-resized\paper\paper38.jpg,3,paper
1177,dataset-resized\paper\paper380.jpg,3,paper
1178,dataset-resized\paper\paper381.jpg,3,paper
1179,dataset-resized\paper\paper382.jpg,3,paper
1180,dataset-resized\paper\paper383.jpg,3,paper
1181,dataset-resized\paper\paper385.jpg,3,paper
1182,dataset-resized\paper\paper386.jpg,3,paper
1183,dataset-resized\paper\paper387.jpg,3,paper
1184,dataset-resized\paper\paper388.jpg,3,paper
1185,dataset-resized\paper\paper39.jpg,3,paper
1186,dataset-resized\paper\paper390.jpg,3,paper
1187,dataset-resized\paper\paper391.jpg,3,paper
1188,dataset-resized\paper\paper393.jpg,3,paper
1189,dataset-resized\paper\paper394.jpg,3,paper
1190,dataset-resized\paper\paper395.jpg,3,paper
1191,dataset-resized\paper\paper396.jpg,3,paper
1192,dataset-resized\paper\paper397.jpg,3,paper
1193,dataset-resized\paper\paper40.jpg,3,paper
1194,dataset-resized\paper\paper400.jpg,3,paper
1195,dataset-resized\paper\paper401.jpg,3,paper
1196,dataset-resized\paper\paper402.jpg,3,paper
1197,dataset-resized\paper\paper403.jpg,3,paper
1198,dataset-resized\paper\paper404.jpg,3,paper
1199,dataset-resized\paper\paper406.jpg,3,paper
1200,dataset-resized\paper\paper408.jpg,3,paper
1201,dataset-resized\paper\paper409.jpg,3,paper
1202,dataset-resized\paper\paper410.jpg,3,paper
1203,dataset-resized\paper\paper415.jpg,3,paper
1204,dataset-resized\paper\paper418.jpg,3,paper
1205,dataset-resized\paper\paper419.jpg,3,paper
1206,dataset-resized\paper\paper42.jpg,3,paper
1207,dataset-resized\paper\paper420.jpg,3,paper
1208,dataset-resized\paper\paper421.jpg,3,paper
1209,dataset-resized\paper\paper422.jpg,3,paper
1210,dataset-resized\paper\paper423.jpg,3,paper
1211,dataset-resized\paper\paper424.jpg,3,paper
1212,dataset-resized\paper\paper425.jpg,3,paper
1213,dataset-resized\paper\paper426.jpg,3,paper
1214,dataset-resized\paper\paper427.jpg,3,paper
1215,dataset-resized\paper\paper429.jpg,3,paper
1216,dataset-resized\paper\paper430.jpg,3,paper
1217,dataset-resized\paper\paper432.jpg,3,paper
1218,dataset-resized\paper\paper433.jpg,3,paper
1219,dataset-resized\paper\paper434.jpg,3,paper
1220,dataset-resized\paper\paper435.jpg,3,paper
1221,dataset-resized\paper\paper436.jpg,3,paper
1222,dataset-resized\paper\paper437.jpg,3,paper
1223,dataset-resized\paper\paper440.jpg,3,paper
1224,dataset-resized\paper\paper442.jpg,3,paper
1225,dataset-resized\paper\paper444.jpg,3,paper
1226,dataset-resized\paper\paper445.jpg,3,paper
1227,dataset-resized\paper\paper45.jpg,3,paper
1228,dataset-resized\paper\paper450.jpg,3,paper
1229,dataset-resized\paper\paper451.jpg,3,paper
1230,dataset-resized\paper\paper452.jpg,3,paper
1231,dataset-resized\paper\paper454.jpg,3,paper
1232,dataset-resized\paper\paper455.jpg,3,paper
1233,dataset-resized\paper\paper456.jpg,3,paper
1234,dataset-resized\paper\paper457.jpg,3,paper
1235,dataset-resized\paper\paper459.jpg,3,paper
1236,dataset-resized\paper\paper46.jpg,3,paper
1237,dataset-resized\paper\paper460.jpg,3,paper
1238,dataset-resized\paper\paper461.jpg,3,paper
1239,dataset-resized\paper\paper463.jpg,3,paper
1240,dataset-resized\paper\paper465.jpg,3,paper
1241,dataset-resized\paper\paper467.jpg,3,paper
1242,dataset-resized\paper\paper468.jpg,3,paper
1243,dataset-resized\paper\paper47.jpg,3,paper
1244,dataset-resized\paper\paper470.jpg,3,paper
1245,dataset-resized\paper\paper471.jpg,3,paper
1246,dataset-resized\paper\paper472.jpg,3,paper
1247,dataset-resized\paper\paper474.jpg,3,paper
1248,dataset-resized\paper\paper475.jpg,3,paper
1249,dataset-resized\paper\paper479.jpg,3,paper
1250,dataset-resized\paper\paper48.jpg,3,paper
1251,dataset-resized\paper\paper480.jpg,3,paper
1252,dataset-resized\paper\paper481.jpg,3,paper
1253,dataset-resized\paper\paper482.jpg,3,paper
1254,dataset-resized\paper\paper483.jpg,3,paper
1255,dataset-resized\paper\paper484.jpg,3,paper
1256,dataset-resized\paper\paper485.jpg,3,paper
1257,dataset-resized\paper\paper487.jpg,3,paper
1258,dataset-resized\paper\paper488.jpg,3,paper
1259,dataset-resized\paper\paper489.jpg,3,paper
1260,dataset-resized\paper\paper49.jpg,3,paper
1261,dataset-resized\paper\paper491.jpg,3,paper
1262,dataset-resized\paper\paper492.jpg,3,paper
1263,dataset-resized\paper\paper493.jpg,3,paper
1264,dataset-resized\paper\paper494.jpg,3,paper
1265,dataset-resized\paper\paper495.jpg,3,paper
1266,dataset-resized\paper\paper496.jpg,3,paper
1267,dataset-resized\paper\paper497.jpg,3,paper
1268,dataset-resized\paper\paper499.jpg,3,paper
1269,dataset-resized\paper\paper50.jpg,3,paper
1270,dataset-resized\paper\paper500.jpg,3,paper
1271,dataset-resized\paper\paper502.jpg,3,paper
1272,dataset-resized\paper\paper503.jpg,3,paper
1273,dataset-resized\paper\paper504.jpg,3,paper
1274,dataset-resized\paper\paper507.jpg,3,paper
1275,dataset-resized\paper\paper508.jpg,3,paper
1276,dataset-resized\paper\paper509.jpg,3,paper
1277,dataset-resized\paper\paper51.jpg,3,paper
1278,dataset-resized\paper\paper510.jpg,3,paper
1279,dataset-resized\paper\paper511.jpg,3,paper
1280,dataset-resized\paper\paper512.jpg,3,paper
1281,dataset-resized\paper\paper513.jpg,3,paper
1282,dataset-resized\paper\paper515.jpg,3,paper
1283,dataset-resized\paper\paper516.jpg,3,paper
1284,dataset-resized\paper\paper517.jpg,3,paper
1285,dataset-resized\paper\paper518.jpg,3,paper
1286,dataset-resized\paper\paper519.jpg,3,paper
1287,dataset-resized\paper\paper52.jpg,3,paper
1288,dataset-resized\paper\paper520.jpg,3,paper
1289,dataset-resized\paper\paper523.jpg,3,paper
1290,dataset-resized\paper\paper524.jpg,3,paper
1291,dataset-resized\paper\paper525.jpg,3,paper
1292,dataset-resized\paper\paper526.jpg,3,paper
1293,dataset-resized\paper\paper528.jpg,3,paper
1294,dataset-resized\paper\paper529.jpg,3,paper
1295,dataset-resized\paper\paper530.jpg,3,paper
1296,dataset-resized\paper\paper531.jpg,3,paper
1297,dataset-resized\paper\paper532.jpg,3,paper
1298,dataset-resized\paper\paper534.jpg,3,paper
1299,dataset-resized\paper\paper535.jpg,3,paper
1300,dataset-resized\paper\paper536.jpg,3,paper
1301,dataset-resized\paper\paper537.jpg,3,paper
1302,dataset-resized\paper\paper538.jpg,3,paper
1303,dataset-resized\paper\paper539.jpg,3,paper
1304,dataset-resized\paper\paper54.jpg,3,paper
1305,dataset-resized\paper\paper540.jpg,3,paper
1306,dataset-resized\paper\paper541.jpg,3,paper
1307,dataset-resized\paper\paper543.jpg,3,paper
1308,dataset-resized\paper\paper544.jpg,3,paper
1309,dataset-resized\paper\paper546.jpg,3,paper
1310,dataset-resized\paper\paper547.jpg,3,paper
1311,dataset-resized\paper\paper548.jpg,3,paper
1312,dataset-resized\paper\paper549.jpg,3,paper
1313,dataset-resized\paper\paper55.jpg,3,paper
1314,dataset-resized\paper\paper552.jpg,3,paper
1315,dataset-resized\paper\paper553.jpg,3,paper
1316,dataset-resized\paper\paper555.jpg,3,paper
1317,dataset-resized\paper\paper556.jpg,3,paper
1318,dataset-resized\paper\paper558.jpg,3,paper
1319,dataset-resized\paper\paper560.jpg,3,paper
1320,dataset-resized\paper\paper561.jpg,3,paper
1321,dataset-resized\paper\paper562.jpg,3,paper
1322,dataset-resized\paper\paper563.jpg,3,paper
1323,dataset-resized\paper\paper564.jpg,3,paper
1324,dataset-resized\paper\paper565.jpg,3,paper
1325,dataset-resized\paper\paper566.jpg,3,paper
1326,dataset-resized\paper\paper567.jpg,3,paper
1327,dataset-resized\paper\paper568.jpg,3,paper
1328,dataset-resized\paper\paper57.jpg,3,paper
1329,dataset-resized\paper\paper570.jpg,3,paper
1330,dataset-resized\paper\paper572.jpg,3,paper
1331,dataset-resized\paper\paper573.jpg,3,paper
1332,dataset-resized\paper\paper574.jpg,3,paper
1333,dataset-resized\paper\paper575.jpg,3,paper
1334,dataset-resized\paper\paper576.jpg,3,paper
1335,dataset-resized\paper\paper578.jpg,3,paper
1336,dataset-resized\paper\paper579.jpg,3,paper
1337,dataset-resized\paper\paper580.jpg,3,paper
1338,dataset-resized\paper\paper581.jpg,3,paper
1339,dataset-resized\paper\paper582.jpg,3,paper
1340,dataset-resized\paper\paper586.jpg,3,paper
1341,dataset-resized\paper\paper588.jpg,3,paper
1342,dataset-resized\paper\paper589.jpg,3,paper
1343,dataset-resized\paper\paper59.jpg,3,paper
1344,dataset-resized\paper\paper590.jpg,3,paper
1345,dataset-resized\paper\paper592.jpg,3,paper
1346,dataset-resized\paper\paper593.jpg,3,paper
1347,dataset-resized\paper\paper594.jpg,3,paper
1348,dataset-resized\paper\paper6.jpg,3,paper
1349,dataset-resized\paper\paper61.jpg,3,paper
1350,dataset-resized\paper\paper63.jpg,3,paper
1351,dataset-resized\paper\paper64.jpg,3,paper
1352,dataset-resized\paper\paper66.jpg,3,paper
1353,dataset-resized\paper\paper69.jpg,3,paper
1354,dataset-resized\paper\paper70.jpg,3,paper
1355,dataset-resized\paper\paper71.jpg,3,paper
1356,dataset-resized\paper\paper73.jpg,3,paper
1357,dataset-resized\paper\paper75.jpg,3,paper
1358,dataset-resized\paper\paper76.jpg,3,paper
1359,dataset-resized\paper\paper77.jpg,3,paper
1360,dataset-resized\paper\paper78.jpg,3,paper
1361,dataset-resized\paper\paper79.jpg,3,paper
1362,dataset-resized\paper\paper8.jpg,3,paper
1363,dataset-resized\paper\paper80.jpg,3,paper
1364,dataset-resized\paper\paper81.jpg,3,paper
1365,dataset-resized\paper\paper84.jpg,3,paper
1366,dataset-resized\paper\paper85.jpg,3,paper
1367,dataset-resized\paper\paper86.jpg,3,paper
1368,dataset-resized\paper\paper87.jpg,3,paper
1369,dataset-resized\paper\paper88.jpg,3,paper
1370,dataset-resized\paper\paper9.jpg,3,paper
1371,dataset-resized\paper\paper90.jpg,3,paper
1372,dataset-resized\paper\paper91.jpg,3,paper
1373,dataset-resized\paper\paper95.jpg,3,paper
1374,dataset-resized\paper\paper96.jpg,3,paper
1375,dataset-resized\paper\paper98.jpg,3,paper
1376,dataset-resized\paper\paper99.jpg,3,paper
1377,dataset-resized\plastic\plastic1.jpg,4,plastic
1378,dataset-resized\plastic\plastic10.jpg,4,plastic
1379,dataset-resized\plastic\plastic100.jpg,4,plastic
1380,dataset-resized\plastic\plastic102.jpg,4,plastic
1381,dataset-resized\plastic\plastic103.jpg,4,plastic
1382,dataset-resized\plastic\plastic104.jpg,4,plastic
1383,dataset-resized\plastic\plastic105.jpg,4,plastic
1384,dataset-resized\plastic\plastic106.jpg,4,plastic
1385,dataset-resized\plastic\plastic107.jpg,4,plastic
1386,dataset-resized\plastic\plastic108.jpg,4,plastic
1387,dataset-resized\plastic\plastic109.jpg,4,plastic
1388,dataset-resized\plastic\plastic11.jpg,4,plastic
1389,dataset-resized\plastic\plastic110.jpg,4,plastic
1390,dataset-resized\plastic\plastic111.jpg,4,plastic
1391,dataset-resized\plastic\plastic112.jpg,4,plastic
1392,dataset-resized\plastic\plastic116.jpg,4,plastic
1393,dataset-resized\plastic\plastic117.jpg,4,plastic
1394,dataset-resized\plastic\plastic119.jpg,4,plastic
1395,dataset-resized\plastic\plastic120.jpg,4,plastic
1396,dataset-resized\plastic\plastic121.jpg,4,plastic
1397,dataset-resized\plastic\plastic122.jpg,4,plastic
1398,dataset-resized\plastic\plastic123.jpg,4,plastic
1399,dataset-resized\plastic\plastic124.jpg,4,plastic
1400,dataset-resized\plastic\plastic125.jpg,4,plastic
1401,dataset-resized\plastic\plastic126.jpg,4,plastic
1402,dataset-resized\plastic\plastic127.jpg,4,plastic
1403,dataset-resized\plastic\plastic128.jpg,4,plastic
1404,dataset-resized\plastic\plastic129.jpg,4,plastic
1405,dataset-resized\plastic\plastic13.jpg,4,plastic
1406,dataset-resized\plastic\plastic130.jpg,4,plastic
1407,dataset-resized\plastic\plastic132.jpg,4,plastic
1408,dataset-resized\plastic\plastic133.jpg,4,plastic
1409,dataset-resized\plastic\plastic134.jpg,4,plastic
1410,dataset-resized\plastic\plastic135.jpg,4,plastic
1411,dataset-resized\plastic\plastic137.jpg,4,plastic
1412,dataset-resized\plastic\plastic138.jpg,4,plastic
1413,dataset-resized\plastic\plastic139.jpg,4,plastic
1414,dataset-resized\plastic\plastic141.jpg,4,plastic
1415,dataset-resized\plastic\plastic142.jpg,4,plastic
1416,dataset-resized\plastic\plastic144.jpg,4,plastic
1417,dataset-resized\plastic\plastic145.jpg,4,plastic
1418,dataset-resized\plastic\plastic146.jpg,4,plastic
1419,dataset-resized\plastic\plastic147.jpg,4,plastic
1420,dataset-resized\plastic\plastic148.jpg,4,plastic
1421,dataset-resized\plastic\plastic149.jpg,4,plastic
1422,dataset-resized\plastic\plastic151.jpg,4,plastic
1423,dataset-resized\plastic\plastic152.jpg,4,plastic
1424,dataset-resized\plastic\plastic154.jpg,4,plastic
1425,dataset-resized\plastic\plastic155.jpg,4,plastic
1426,dataset-resized\plastic\plastic156.jpg,4,plastic
1427,dataset-resized\plastic\plastic157.jpg,4,plastic
1428,dataset-resized\plastic\plastic158.jpg,4,plastic
1429,dataset-resized\plastic\plastic159.jpg,4,plastic
1430,dataset-resized\plastic\plastic16.jpg,4,plastic
1431,dataset-resized\plastic\plastic160.jpg,4,plastic
1432,dataset-resized\plastic\plastic162.jpg,4,plastic
1433,dataset-resized\plastic\plastic163.jpg,4,plastic
1434,dataset-resized\plastic\plastic164.jpg,4,plastic
1435,dataset-resized\plastic\plastic165.jpg,4,plastic
1436,dataset-resized\plastic\plastic166.jpg,4,plastic
1437,dataset-resized\plastic\plastic168.jpg,4,plastic
1438,dataset-resized\plastic\plastic169.jpg,4,plastic
1439,dataset-resized\plastic\plastic17.jpg,4,plastic
1440,dataset-resized\plastic\plastic170.jpg,4,plastic
1441,dataset-resized\plastic\plastic171.jpg,4,plastic
1442,dataset-resized\plastic\plastic172.jpg,4,plastic
1443,dataset-resized\plastic\plastic173.jpg,4,plastic
1444,dataset-resized\plastic\plastic175.jpg,4,plastic
1445,dataset-resized\plastic\plastic176.jpg,4,plastic
1446,dataset-resized\plastic\plastic177.jpg,4,plastic
1447,dataset-resized\plastic\plastic179.jpg,4,plastic
1448,dataset-resized\plastic\plastic180.jpg,4,plastic
1449,dataset-resized\plastic\plastic181.jpg,4,plastic
1450,dataset-resized\plastic\plastic182.jpg,4,plastic
1451,dataset-resized\plastic\plastic183.jpg,4,plastic
1452,dataset-resized\plastic\plastic185.jpg,4,plastic
1453,dataset-resized\plastic\plastic186.jpg,4,plastic
1454,dataset-resized\plastic\plastic187.jpg,4,plastic
1455,dataset-resized\plastic\plastic188.jpg,4,plastic
1456,dataset-resized\plastic\plastic189.jpg,4,plastic
1457,dataset-resized\plastic\plastic19.jpg,4,plastic
1458,dataset-resized\plastic\plastic190.jpg,4,plastic
1459,dataset-resized\plastic\plastic192.jpg,4,plastic
1460,dataset-resized\plastic\plastic193.jpg,4,plastic
1461,dataset-resized\plastic\plastic194.jpg,4,plastic
1462,dataset-resized\plastic\plastic195.jpg,4,plastic
1463,dataset-resized\plastic\plastic197.jpg,4,plastic
1464,dataset-resized\plastic\plastic199.jpg,4,plastic
1465,dataset-resized\plastic\plastic2.jpg,4,plastic
1466,dataset-resized\plastic\plastic20.jpg,4,plastic
1467,dataset-resized\plastic\plastic200.jpg,4,plastic
1468,dataset-resized\plastic\plastic201.jpg,4,plastic
1469,dataset-resized\plastic\plastic204.jpg,4,plastic
1470,dataset-resized\plastic\plastic205.jpg,4,plastic
1471,dataset-resized\plastic\plastic207.jpg,4,plastic
1472,dataset-resized\plastic\plastic208.jpg,4,plastic
1473,dataset-resized\plastic\plastic209.jpg,4,plastic
1474,dataset-resized\plastic\plastic21.jpg,4,plastic
1475,dataset-resized\plastic\plastic210.jpg,4,plastic
1476,dataset-resized\plastic\plastic212.jpg,4,plastic
1477,dataset-resized\plastic\plastic213.jpg,4,plastic
1478,dataset-resized\plastic\plastic214.jpg,4,plastic
1479,dataset-resized\plastic\plastic215.jpg,4,plastic
1480,dataset-resized\plastic\plastic216.jpg,4,plastic
1481,dataset-resized\plastic\plastic217.jpg,4,plastic
1482,dataset-resized\plastic\plastic218.jpg,4,plastic
1483,dataset-resized\plastic\plastic22.jpg,4,plastic
1484,dataset-resized\plastic\plastic220.jpg,4,plastic
1485,dataset-resized\plastic\plastic221.jpg,4,plastic
1486,dataset-resized\plastic\plastic222.jpg,4,plastic
1487,dataset-resized\plastic\plastic223.jpg,4,plastic
1488,dataset-resized\plastic\plastic224.jpg,4,plastic
1489,dataset-resized\plastic\plastic225.jpg,4,plastic
1490,dataset-resized\plastic\plastic226.jpg,4,plastic
1491,dataset-resized\plastic\plastic227.jpg,4,plastic
1492,dataset-resized\plastic\plastic228.jpg,4,plastic
1493,dataset-resized\plastic\plastic23.jpg,4,plastic
1494,dataset-resized\plastic\plastic230.jpg,4,plastic
1495,dataset-resized\plastic\plastic231.jpg,4,plastic
1496,dataset-resized\plastic\plastic232.jpg,4,plastic
1497,dataset-resized\plastic\plastic234.jpg,4,plastic
1498,dataset-resized\plastic\plastic235.jpg,4,plastic
1499,dataset-resized\plastic\plastic236.jpg,4,plastic
1500,dataset-resized\plastic\plastic237.jpg,4,plastic
1501,dataset-resized\plastic\plastic24.jpg,4,plastic
1502,dataset-resized\plastic\plastic241.jpg,4,plastic
1503,dataset-resized\plastic\plastic242.jpg,4,plastic
1504,dataset-resized\plastic\plastic243.jpg,4,plastic
1505,dataset-resized\plastic\plastic244.jpg,4,plastic
1506,dataset-resized\plastic\plastic245.jpg,4,plastic
1507,dataset-resized\plastic\plastic247.jpg,4,plastic
1508,dataset-resized\plastic\plastic248.jpg,4,plastic
1509,dataset-resized\plastic\plastic249.jpg,4,plastic
1510,dataset-resized\plastic\plastic25.jpg,4,plastic
1511,dataset-resized\plastic\plastic252.jpg,4,plastic
1512,dataset-resized\plastic\plastic253.jpg,4,plastic
1513,dataset-resized\plastic\plastic254.jpg,4,plastic
1514,dataset-resized\plastic\plastic255.jpg,4,plastic
1515,dataset-resized\plastic\plastic257.jpg,4,plastic
1516,dataset-resized\plastic\plastic260.jpg,4,plastic
1517,dataset-resized\plastic\plastic261.jpg,4,plastic
1518,dataset-resized\plastic\plastic262.jpg,4,plastic
1519,dataset-resized\plastic\plastic264.jpg,4,plastic
1520,dataset-resized\plastic\plastic266.jpg,4,plastic
1521,dataset-resized\plastic\plastic268.jpg,4,plastic
1522,dataset-resized\plastic\plastic270.jpg,4,plastic
1523,dataset-resized\plastic\plastic271.jpg,4,plastic
1524,dataset-resized\plastic\plastic275.jpg,4,plastic
1525,dataset-resized\plastic\plastic277.jpg,4,plastic
1526,dataset-resized\plastic\plastic278.jpg,4,plastic
1527,dataset-resized\plastic\plastic279.jpg,4,plastic
1528,dataset-resized\plastic\plastic28.jpg,4,plastic
1529,dataset-resized\plastic\plastic281.jpg,4,plastic
1530,dataset-resized\plastic\plastic282.jpg,4,plastic
1531,dataset-resized\plastic\plastic283.jpg,4,plastic
1532,dataset-resized\plastic\plastic286.jpg,4,plastic
1533,dataset-resized\plastic\plastic287.jpg,4,plastic
1534,dataset-resized\plastic\plastic288.jpg,4,plastic
1535,dataset-resized\plastic\plastic289.jpg,4,plastic
1536,dataset-resized\plastic\plastic29.jpg,4,plastic
1537,dataset-resized\plastic\plastic290.jpg,4,plastic
1538,dataset-resized\plastic\plastic291.jpg,4,plastic
1539,dataset-resized\plastic\plastic292.jpg,4,plastic
1540,dataset-resized\plastic\plastic293.jpg,4,plastic
1541,dataset-resized\plastic\plastic294.jpg,4,plastic
1542,dataset-resized\plastic\plastic295.jpg,4,plastic
1543,dataset-resized\plastic\plastic296.jpg,4,plastic
1544,dataset-resized\plastic\plastic297.jpg,4,plastic
1545,dataset-resized\plastic\plastic298.jpg,4,plastic
1546,dataset-resized\plastic\plastic299.jpg,4,plastic
1547,dataset-resized\plastic\plastic3.jpg,4,plastic
1548,dataset-resized\plastic\plastic30.jpg,4,plastic
1549,dataset-resized\plastic\plastic303.jpg,4,plastic
1550,dataset-resized\plastic\plastic304.jpg,4,plastic
1551,dataset-resized\plastic\plastic307.jpg,4,plastic
1552,dataset-resized\plastic\plastic308.jpg,4,plastic
1553,dataset-resized\plastic\plastic309.jpg,4,plastic
1554,dataset-resized\plastic\plastic31.jpg,4,plastic
1555,dataset-resized\plastic\plastic313.jpg,4,plastic
1556,dataset-resized\plastic\plastic314.jpg,4,plastic
1557,dataset-resized\plastic\plastic318.jpg,4,plastic
1558,dataset-resized\plastic\plastic319.jpg,4,plastic
1559,dataset-resized\plastic\plastic32.jpg,4,plastic
1560,dataset-resized\plastic\plastic321.jpg,4,plastic
1561,dataset-resized\plastic\plastic323.jpg,4,plastic
1562,dataset-resized\plastic\plastic324.jpg,4,plastic
1563,dataset-resized\plastic\plastic325.jpg,4,plastic
1564,dataset-resized\plastic\plastic33.jpg,4,plastic
1565,dataset-resized\plastic\plastic330.jpg,4,plastic
1566,dataset-resized\plastic\plastic331.jpg,4,plastic
1567,dataset-resized\plastic\plastic333.jpg,4,plastic
1568,dataset-resized\plastic\plastic334.jpg,4,plastic
1569,dataset-resized\plastic\plastic335.jpg,4,plastic
1570,dataset-resized\plastic\plastic336.jpg,4,plastic
1571,dataset-resized\plastic\plastic337.jpg,4,plastic
1572,dataset-resized\plastic\plastic338.jpg,4,plastic
1573,dataset-resized\plastic\plastic34.jpg,4,plastic
1574,dataset-resized\plastic\plastic341.jpg,4,plastic
1575,dataset-resized\plastic\plastic342.jpg,4,plastic
1576,dataset-resized\plastic\plastic345.jpg,4,plastic
1577,dataset-resized\plastic\plastic347.jpg,4,plastic
1578,dataset-resized\plastic\plastic348.jpg,4,plastic
1579,dataset-resized\plastic\plastic35.jpg,4,plastic
1580,dataset-resized\plastic\plastic351.jpg,4,plastic
1581,dataset-resized\plastic\plastic352.jpg,4,plastic
1582,dataset-resized\plastic\plastic354.jpg,4,plastic
1583,dataset-resized\plastic\plastic355.jpg,4,plastic
1584,dataset-resized\plastic\plastic356.jpg,4,plastic
1585,dataset-resized\plastic\plastic359.jpg,4,plastic
1586,dataset-resized\plastic\plastic360.jpg,4,plastic
1587,dataset-resized\plastic\plastic361.jpg,4,plastic
1588,dataset-resized\plastic\plastic363.jpg,4,plastic
1589,dataset-resized\plastic\plastic364.jpg,4,plastic
1590,dataset-resized\plastic\plastic365.jpg,4,plastic
1591,dataset-resized\plastic\plastic366.jpg,4,plastic
1592,dataset-resized\plastic\plastic367.jpg,4,plastic
1593,dataset-resized\plastic\plastic368.jpg,4,plastic
1594,dataset-resized\plastic\plastic37.jpg,4,plastic
1595,dataset-resized\plastic\plastic370.jpg,4,plastic
1596,dataset-resized\plastic\plastic371.jpg,4,plastic
1597,dataset-resized\plastic\plastic372.jpg,4,plastic
1598,dataset-resized\plastic\plastic373.jpg,4,plastic
1599,dataset-resized\plastic\plastic374.jpg,4,plastic
1600,dataset-resized\plastic\plastic375.jpg,4,plastic
1601,dataset-resized\plastic\plastic376.jpg,4,plastic
1602,dataset-resized\plastic\plastic377.jpg,4,plastic
1603,dataset-resized\plastic\plastic378.jpg,4,plastic
1604,dataset-resized\plastic\plastic379.jpg,4,plastic
1605,dataset-resized\plastic\plastic380.jpg,4,plastic
1606,dataset-resized\plastic\plastic381.jpg,4,plastic
1607,dataset-resized\plastic\plastic383.jpg,4,plastic
1608,dataset-resized\plastic\plastic385.jpg,4,plastic
1609,dataset-resized\plastic\plastic387.jpg,4,plastic
1610,dataset-resized\plastic\plastic389.jpg,4,plastic
1611,dataset-resized\plastic\plastic39.jpg,4,plastic
1612,dataset-resized\plastic\plastic390.jpg,4,plastic
1613,dataset-resized\plastic\plastic391.jpg,4,plastic
1614,dataset-resized\plastic\plastic392.jpg,4,plastic
1615,dataset-resized\plastic\plastic393.jpg,4,plastic
1616,dataset-resized\plastic\plastic394.jpg,4,plastic
1617,dataset-resized\plastic\plastic395.jpg,4,plastic
1618,dataset-resized\plastic\plastic397.jpg,4,plastic
1619,dataset-resized\plastic\plastic399.jpg,4,plastic
1620,dataset-resized\plastic\plastic4.jpg,4,plastic
1621,dataset-resized\plastic\plastic40.jpg,4,plastic
1622,dataset-resized\plastic\plastic400.jpg,4,plastic
1623,dataset-resized\plastic\plastic405.jpg,4,plastic
1624,dataset-resized\plastic\plastic406.jpg,4,plastic
1625,dataset-resized\plastic\plastic408.jpg,4,plastic
1626,dataset-resized\plastic\plastic41.jpg,4,plastic
1627,dataset-resized\plastic\plastic412.jpg,4,plastic
1628,dataset-resized\plastic\plastic413.jpg,4,plastic
1629,dataset-resized\plastic\plastic414.jpg,4,plastic
1630,dataset-resized\plastic\plastic416.jpg,4,plastic
1631,dataset-resized\plastic\plastic42.jpg,4,plastic
1632,dataset-resized\plastic\plastic420.jpg,4,plastic
1633,dataset-resized\plastic\plastic421.jpg,4,plastic
1634,dataset-resized\plastic\plastic423.jpg,4,plastic
1635,dataset-resized\plastic\plastic424.jpg,4,plastic
1636,dataset-resized\plastic\plastic425.jpg,4,plastic
1637,dataset-resized\plastic\plastic427.jpg,4,plastic
1638,dataset-resized\plastic\plastic428.jpg,4,plastic
1639,dataset-resized\plastic\plastic43.jpg,4,plastic
1640,dataset-resized\plastic\plastic430.jpg,4,plastic
1641,dataset-resized\plastic\plastic431.jpg,4,plastic
1642,dataset-resized\plastic\plastic433.jpg,4,plastic
1643,dataset-resized\plastic\plastic434.jpg,4,plastic
1644,dataset-resized\plastic\plastic435.jpg,4,plastic
1645,dataset-resized\plastic\plastic436.jpg,4,plastic
1646,dataset-resized\plastic\plastic438.jpg,4,plastic
1647,dataset-resized\plastic\plastic439.jpg,4,plastic
1648,dataset-resized\plastic\plastic440.jpg,4,plastic
1649,dataset-resized\plastic\plastic443.jpg,4,plastic
1650,dataset-resized\plastic\plastic446.jpg,4,plastic
1651,dataset-resized\plastic\plastic448.jpg,4,plastic
1652,dataset-resized\plastic\plastic449.jpg,4,plastic
1653,dataset-resized\plastic\plastic451.jpg,4,plastic
1654,dataset-resized\plastic\plastic452.jpg,4,plastic
1655,dataset-resized\plastic\plastic454.jpg,4,plastic
1656,dataset-resized\plastic\plastic455.jpg,4,plastic
1657,dataset-resized\plastic\plastic456.jpg,4,plastic
1658,dataset-resized\plastic\plastic457.jpg,4,plastic
1659,dataset-resized\plastic\plastic459.jpg,4,plastic
1660,dataset-resized\plastic\plastic46.jpg,4,plastic
1661,dataset-resized\plastic\plastic460.jpg,4,plastic
1662,dataset-resized\plastic\plastic461.jpg,4,plastic
1663,dataset-resized\plastic\plastic462.jpg,4,plastic
1664,dataset-resized\plastic\plastic463.jpg,4,plastic
1665,dataset-resized\plastic\plastic464.jpg,4,plastic
1666,dataset-resized\plastic\plastic465.jpg,4,plastic
1667,dataset-resized\plastic\plastic466.jpg,4,plastic
1668,dataset-resized\plastic\plastic467.jpg,4,plastic
1669,dataset-resized\plastic\plastic469.jpg,4,plastic
1670,dataset-resized\plastic\plastic47.jpg,4,plastic
1671,dataset-resized\plastic\plastic470.jpg,4,plastic
1672,dataset-resized\plastic\plastic471.jpg,4,plastic
1673,dataset-resized\plastic\plastic472.jpg,4,plastic
1674,dataset-resized\plastic\plastic474.jpg,4,plastic
1675,dataset-resized\plastic\plastic475.jpg,4,plastic
1676,dataset-resized\plastic\plastic476.jpg,4,plastic
1677,dataset-resized\plastic\plastic477.jpg,4,plastic
1678,dataset-resized\plastic\plastic478.jpg,4,plastic
1679,dataset-resized\plastic\plastic479.jpg,4,plastic
1680,dataset-resized\plastic\plastic480.jpg,4,plastic
1681,dataset-resized\plastic\plastic481.jpg,4,plastic
1682,dataset-resized\plastic\plastic49.jpg,4,plastic
1683,dataset-resized\plastic\plastic50.jpg,4,plastic
1684,dataset-resized\plastic\plastic51.jpg,4,plastic
1685,dataset-resized\plastic\plastic52.jpg,4,plastic
1686,dataset-resized\plastic\plastic53.jpg,4,plastic
1687,dataset-resized\plastic\plastic55.jpg,4,plastic
1688,dataset-resized\plastic\plastic56.jpg,4,plastic
1689,dataset-resized\plastic\plastic57.jpg,4,plastic
1690,dataset-resized\plastic\plastic58.jpg,4,plastic
1691,dataset-resized\plastic\plastic59.jpg,4,plastic
1692,dataset-resized\plastic\plastic6.jpg,4,plastic
1693,dataset-resized\plastic\plastic60.jpg,4,plastic
1694,dataset-resized\plastic\plastic61.jpg,4,plastic
1695,dataset-resized\plastic\plastic63.jpg,4,plastic
1696,dataset-resized\plastic\plastic64.jpg,4,plastic
1697,dataset-resized\plastic\plastic65.jpg,4,plastic
1698,dataset-resized\plastic\plastic67.jpg,4,plastic
1699,dataset-resized\plastic\plastic68.jpg,4,plastic
1700,dataset-resized\plastic\plastic69.jpg,4,plastic
1701,dataset-resized\plastic\plastic7.jpg,4,plastic
1702,dataset-resized\plastic\plastic70.jpg,4,plastic
1703,dataset-resized\plastic\plastic71.jpg,4,plastic
1704,dataset-resized\plastic\plastic72.jpg,4,plastic
1705,dataset-resized\plastic\plastic73.jpg,4,plastic
1706,dataset-resized\plastic\plastic75.jpg,4,plastic
1707,dataset-resized\plastic\plastic76.jpg,4,plastic
1708,dataset-resized\plastic\plastic77.jpg,4,plastic
1709,dataset-resized\plastic\plastic79.jpg,4,plastic
1710,dataset-resized\plastic\plastic8.jpg,4,plastic
1711,dataset-resized\plastic\plastic80.jpg,4,plastic
1712,dataset-resized\plastic\plastic81.jpg,4,plastic
1713,dataset-resized\plastic\plastic82.jpg,4,plastic
1714,dataset-resized\plastic\plastic83.jpg,4,plastic
1715,dataset-resized\plastic\plastic84.jpg,4,plastic
1716,dataset-resized\plastic\plastic85.jpg,4,plastic
1717,dataset-resized\plastic\plastic87.jpg,4,plastic
1718,dataset-resized\plastic\plastic89.jpg,4,plastic
1719,dataset-resized\plastic\plastic9.jpg,4,plastic
1720,dataset-resized\plastic\plastic90.jpg,4,plastic
1721,dataset-resized\plastic\plastic91.jpg,4,plastic
1722,dataset-resized\plastic\plastic92.jpg,4,plastic
1723,dataset-resized\plastic\plastic93.jpg,4,plastic
1724,dataset-resized\plastic\plastic94.jpg,4,plastic
1725,dataset-resized\plastic\plastic95.jpg,4,plastic
1726,dataset-resized\plastic\plastic97.jpg,4,plastic
1727,dataset-resized\plastic\plastic98.jpg,4,plastic
1728,dataset-resized\plastic\plastic99.jpg,4,plastic
1729,dataset-resized\trash\trash1.jpg,5,trash
1730,dataset-resized\trash\trash100.jpg,5,trash
1731,dataset-resized\trash\trash101.jpg,5,trash
1732,dataset-resized\trash\trash102.jpg,5,trash
1733,dataset-resized\trash\trash103.jpg,5,trash
1734,dataset-resized\trash\trash105.jpg,5,trash
1735,dataset-resized\trash\trash107.jpg,5,trash
1736,dataset-resized\trash\trash108.jpg,5,trash
1737,dataset-resized\trash\trash11.jpg,5,trash
1738,dataset-resized\trash\trash111.jpg,5,trash
1739,dataset-resized\trash\trash113.jpg,5,trash
1740,dataset-resized\trash\trash115.jpg,5,trash
1741,dataset-resized\trash\trash116.jpg,5,trash
1742,dataset-resized\trash\trash117.jpg,5,trash
1743,dataset-resized\trash\trash119.jpg,5,trash
1744,dataset-resized\trash\trash12.jpg,5,trash
1745,dataset-resized\trash\trash120.jpg,5,trash
1746,dataset-resized\trash\trash121.jpg,5,trash
1747,dataset-resized\trash\trash122.jpg,5,trash
1748,dataset-resized\trash\trash124.jpg,5,trash
1749,dataset-resized\trash\trash125.jpg,5,trash
1750,dataset-resized\trash\trash126.jpg,5,trash
1751,dataset-resized\trash\trash127.jpg,5,trash
1752,dataset-resized\trash\trash128.jpg,5,trash
1753,dataset-resized\trash\trash129.jpg,5,trash
1754,dataset-resized\trash\trash131.jpg,5,trash
1755,dataset-resized\trash\trash132.jpg,5,trash
1756,dataset-resized\trash\trash133.jpg,5,trash
1757,dataset-resized\trash\trash134.jpg,5,trash
1758,dataset-resized\trash\trash135.jpg,5,trash
1759,dataset-resized\trash\trash137.jpg,5,trash
1760,dataset-resized\trash\trash14.jpg,5,trash
1761,dataset-resized\trash\trash15.jpg,5,trash
1762,dataset-resized\trash\trash18.jpg,5,trash
1763,dataset-resized\trash\trash19.jpg,5,trash
1764,dataset-resized\trash\trash2.jpg,5,trash
1765,dataset-resized\trash\trash20.jpg,5,trash
1766,dataset-resized\trash\trash21.jpg,5,trash
1767,dataset-resized\trash\trash22.jpg,5,trash
1768,dataset-resized\trash\trash26.jpg,5,trash
1769,dataset-resized\trash\trash28.jpg,5,trash
1770,dataset-resized\trash\trash29.jpg,5,trash
1771,dataset-resized\trash\trash3.jpg,5,trash
1772,dataset-resized\trash\trash30.jpg,5,trash
1773,dataset-resized\trash\trash32.jpg,5,trash
1774,dataset-resized\trash\trash33.jpg,5,trash
1775,dataset-resized\trash\trash35.jpg,5,trash
1776,dataset-resized\trash\trash37.jpg,5,trash
1777,dataset-resized\trash\trash38.jpg,5,trash
1778,dataset-resized\trash\trash39.jpg,5,trash
1779,dataset-resized\trash\trash4.jpg,5,trash
1780,dataset-resized\trash\trash41.jpg,5,trash
1781,dataset-resized\trash\trash42.jpg,5,trash
1782,dataset-resized\trash\trash43.jpg,5,trash
1783,dataset-resized\trash\trash45.jpg,5,trash
1784,dataset-resized\trash\trash46.jpg,5,trash
1785,dataset-resized\trash\trash48.jpg,5,trash
1786,dataset-resized\trash\trash49.jpg,5,trash
1787,dataset-resized\trash\trash5.jpg,5,trash
1788,dataset-resized\trash\trash50.jpg,5,trash
1789,dataset-resized\trash\trash51.jpg,5,trash
1790,dataset-resized\trash\trash52.jpg,5,trash
1791,dataset-resized\trash\trash54.jpg,5,trash
1792,dataset-resized\trash\trash55.jpg,5,trash
1793,dataset-resized\trash\trash56.jpg,5,trash
1794,dataset-resized\trash\trash57.jpg,5,trash
1795,dataset-resized\trash\trash59.jpg,5,trash
1796,dataset-resized\trash\trash60.jpg,5,trash
1797,dataset-resized\trash\trash62.jpg,5,trash
1798,dataset-resized\trash\trash63.jpg,5,trash
1799,dataset-resized\trash\trash64.jpg,5,trash
1800,dataset-resized\trash\trash65.jpg,5,trash
1801,dataset-resized\trash\trash66.jpg,5,trash
1802,dataset-resized\trash\trash68.jpg,5,trash
1803,dataset-resized\trash\trash69.jpg,5,trash
1804,dataset-resized\trash\trash70.jpg,5,trash
1805,dataset-resized\trash\trash71.jpg,5,trash
1806,dataset-resized\trash\trash73.jpg,5,trash
1807,dataset-resized\trash\trash74.jpg,5,trash
1808,dataset-resized\trash\trash75.jpg,5,trash
1809,dataset-resized\trash\trash76.jpg,5,trash
1810,dataset-resized\trash\trash78.jpg,5,trash
1811,dataset-resized\trash\trash79.jpg,5,trash
1812,dataset-resized\trash\trash8.jpg,5,trash
1813,dataset-resized\trash\trash80.jpg,5,trash
1814,dataset-resized\trash\trash81.jpg,5,trash
1815,dataset-resized\trash\trash82.jpg,5,trash
1816,dataset-resized\trash\trash84.jpg,5,trash
1817,dataset-resized\trash\trash85.jpg,5,trash
1818,dataset-resized\trash\trash86.jpg,5,trash
1819,dataset-resized\trash\trash87.jpg,5,trash
1820,dataset-resized\trash\trash88.jpg,5,trash
1821,dataset-resized\trash\trash91.jpg,5,trash
1822,dataset-resized\trash\trash92.jpg,5,trash
1823,dataset-resized\trash\trash93.jpg,5,trash
1824,dataset-resized\trash\trash96.jpg,5,trash
1825,dataset-resized\trash\trash97.jpg,5,trash
1826,dataset-resized\trash\trash99.jpg,5,trash
